STT,Current Allocation,New Allocation,WH Location,Area,Line,Bay,Level,Position,Length,Width,Height,CBM,
1,A6.20,SG-F0101-11,SG,F,1,1,1,1,30,45,40,0.054,
2,A6.19,SG-F0101-12,SG,F,1,1,1,2,30,45,40,0.054,
3,A6.18,SG-F0101-13,SG,F,1,1,1,3,30,45,40,0.054,
4,A6.17,SG-F0101-14,SG,F,1,1,1,4,30,45,40,0.054,
5,A6.16,SG-F0101-21,SG,F,1,1,2,1,30,45,40,0.054,
6,A6.15,SG-F0101-22,SG,F,1,1,2,2,30,45,40,0.054,
7,A6.14,SG-F0101-23,SG,F,1,1,2,3,30,45,40,0.054,
8,A6.13,SG-F0101-24,SG,F,1,1,2,4,30,45,40,0.054,
9,A6.12,SG-F0101-31,SG,F,1,1,3,1,30,45,40,0.054,
10,A6.11,SG-F0101-32,SG,F,1,1,3,2,30,45,40,0.054,
11,A6.10,SG-F0101-33,SG,F,1,1,3,3,30,45,40,0.054,
12,A6.09,SG-F0101-34,SG,F,1,1,3,4,30,45,40,0.054,
13,A6.08,SG-F0101-41,SG,F,1,1,4,1,30,45,40,0.054,
14,A6.07,SG-F0101-42,SG,F,1,1,4,2,30,45,40,0.054,
15,A6.06,SG-F0101-43,SG,F,1,1,4,3,30,45,40,0.054,
16,A6.05,SG-F0101-44,SG,F,1,1,4,4,30,45,40,0.054,
17,A6.04,SG-F0101-51,SG,F,1,1,5,1,30,45,40,0.054,
18,A6.03,SG-F0101-52,SG,F,1,1,5,2,30,45,40,0.054,
19,A6.02,SG-F0101-53,SG,F,1,1,5,3,30,45,40,0.054,
20,A6.01,SG-F0101-54,SG,F,1,1,5,4,30,45,40,0.054,
21,A5.20,SG-F0102-11,SG,F,1,2,1,1,30,45,40,0.054,
22,A5.19,SG-F0102-12,SG,F,1,2,1,2,30,45,40,0.054,
23,A5.18,SG-F0102-13,SG,F,1,2,1,3,30,45,40,0.054,
24,A5.17,SG-F0102-14,SG,F,1,2,1,4,30,45,40,0.054,
25,A5.16,SG-F0102-21,SG,F,1,2,2,1,30,45,40,0.054,
26,A5.15,SG-F0102-22,SG,F,1,2,2,2,30,45,40,0.054,
27,A5.14,SG-F0102-23,SG,F,1,2,2,3,30,45,40,0.054,
28,A5.13,SG-F0102-24,SG,F,1,2,2,4,30,45,40,0.054,
29,A5.12,SG-F0102-31,SG,F,1,2,3,1,30,45,40,0.054,
30,A5.11,SG-F0102-32,SG,F,1,2,3,2,30,45,40,0.054,
31,A5.10,SG-F0102-33,SG,F,1,2,3,3,30,45,40,0.054,
32,A5.09,SG-F0102-34,SG,F,1,2,3,4,30,45,40,0.054,
33,A5.08,SG-F0102-41,SG,F,1,2,4,1,30,45,40,0.054,
34,A5.07,SG-F0102-42,SG,F,1,2,4,2,30,45,40,0.054,
35,A5.06,SG-F0102-43,SG,F,1,2,4,3,30,45,40,0.054,
36,A5.05,SG-F0102-44,SG,F,1,2,4,4,30,45,40,0.054,
37,A5.04,SG-F0102-51,SG,F,1,2,5,1,30,45,40,0.054,
38,A5.03,SG-F0102-52,SG,F,1,2,5,2,30,45,40,0.054,
39,A5.02,SG-F0102-53,SG,F,1,2,5,3,30,45,40,0.054,
40,A5.01,SG-F0102-54,SG,F,1,2,5,4,30,45,40,0.054,
41,A4.20,SG-F0103-11,SG,F,1,3,1,1,30,45,40,0.054,
42,A4.19,SG-F0103-12,SG,F,1,3,1,2,30,45,40,0.054,
43,A4.18,SG-F0103-13,SG,F,1,3,1,3,30,45,40,0.054,
44,A4.17,SG-F0103-14,SG,F,1,3,1,4,30,45,40,0.054,
45,A4.16,SG-F0103-21,SG,F,1,3,2,1,30,45,40,0.054,
46,A4.15,SG-F0103-22,SG,F,1,3,2,2,30,45,40,0.054,
47,A4.14,SG-F0103-23,SG,F,1,3,2,3,30,45,40,0.054,
48,A4.13,SG-F0103-24,SG,F,1,3,2,4,30,45,40,0.054,
49,A4.12,SG-F0103-31,SG,F,1,3,3,1,30,45,40,0.054,
50,A4.11,SG-F0103-32,SG,F,1,3,3,2,30,45,40,0.054,
51,A4.10,SG-F0103-33,SG,F,1,3,3,3,30,45,40,0.054,
52,A4.09,SG-F0103-34,SG,F,1,3,3,4,30,45,40,0.054,
53,A4.08,SG-F0103-41,SG,F,1,3,4,1,30,45,40,0.054,
54,A4.07,SG-F0103-42,SG,F,1,3,4,2,30,45,40,0.054,
55,A4.06,SG-F0103-43,SG,F,1,3,4,3,30,45,40,0.054,
56,A4.05,SG-F0103-44,SG,F,1,3,4,4,30,45,40,0.054,
57,A4.04,SG-F0103-51,SG,F,1,3,5,1,30,45,40,0.054,
58,A4.03,SG-F0103-52,SG,F,1,3,5,2,30,45,40,0.054,
59,A4.02,SG-F0103-53,SG,F,1,3,5,3,30,45,40,0.054,
60,A4.01,SG-F0103-54,SG,F,1,3,5,4,30,45,40,0.054,
61,A3.20,SG-F0104-11,SG,F,1,4,1,1,30,45,40,0.054,
62,A3.19,SG-F0104-12,SG,F,1,4,1,2,30,45,40,0.054,
63,A3.18,SG-F0104-13,SG,F,1,4,1,3,30,45,40,0.054,
64,A3.17,SG-F0104-14,SG,F,1,4,1,4,30,45,40,0.054,
65,A3.16,SG-F0104-21,SG,F,1,4,2,1,30,45,40,0.054,
66,A3.15,SG-F0104-22,SG,F,1,4,2,2,30,45,40,0.054,
67,A3.14,SG-F0104-23,SG,F,1,4,2,3,30,45,40,0.054,
68,A3.13,SG-F0104-24,SG,F,1,4,2,4,30,45,40,0.054,
69,A3.12,SG-F0104-31,SG,F,1,4,3,1,30,45,40,0.054,
70,A3.11,SG-F0104-32,SG,F,1,4,3,2,30,45,40,0.054,
71,A3.10,SG-F0104-33,SG,F,1,4,3,3,30,45,40,0.054,
72,A3.09,SG-F0104-34,SG,F,1,4,3,4,30,45,40,0.054,
73,A3.08,SG-F0104-41,SG,F,1,4,4,1,30,45,40,0.054,
74,A3.07,SG-F0104-42,SG,F,1,4,4,2,30,45,40,0.054,
75,A3.06,SG-F0104-43,SG,F,1,4,4,3,30,45,40,0.054,
76,A3.05,SG-F0104-44,SG,F,1,4,4,4,30,45,40,0.054,
77,A3.04,SG-F0104-51,SG,F,1,4,5,1,30,45,40,0.054,
78,A3.03,SG-F0104-52,SG,F,1,4,5,2,30,45,40,0.054,
79,A3.02,SG-F0104-53,SG,F,1,4,5,3,30,45,40,0.054,
80,A3.01,SG-F0104-54,SG,F,1,4,5,4,30,45,40,0.054,
81,A2.20,SG-F0105-11,SG,F,1,5,1,1,30,45,40,0.054,
82,A2.19,SG-F0105-12,SG,F,1,5,1,2,30,45,40,0.054,
83,A2.18,SG-F0105-13,SG,F,1,5,1,3,30,45,40,0.054,
84,A2.17,SG-F0105-14,SG,F,1,5,1,4,30,45,40,0.054,
85,A2.16,SG-F0105-21,SG,F,1,5,2,1,30,45,40,0.054,
86,A2.15,SG-F0105-22,SG,F,1,5,2,2,30,45,40,0.054,
87,A2.14,SG-F0105-23,SG,F,1,5,2,3,30,45,40,0.054,
88,A2.13,SG-F0105-24,SG,F,1,5,2,4,30,45,40,0.054,
89,A2.12,SG-F0105-31,SG,F,1,5,3,1,30,45,40,0.054,
90,A2.11,SG-F0105-32,SG,F,1,5,3,2,30,45,40,0.054,
91,A2.10,SG-F0105-33,SG,F,1,5,3,3,30,45,40,0.054,
92,A2.09,SG-F0105-34,SG,F,1,5,3,4,30,45,40,0.054,
93,A2.08,SG-F0105-41,SG,F,1,5,4,1,30,45,40,0.054,
94,A2.07,SG-F0105-42,SG,F,1,5,4,2,30,45,40,0.054,
95,A2.06,SG-F0105-43,SG,F,1,5,4,3,30,45,40,0.054,
96,A2.05,SG-F0105-44,SG,F,1,5,4,4,30,45,40,0.054,
97,A2.04,SG-F0105-51,SG,F,1,5,5,1,30,45,40,0.054,
98,A2.03,SG-F0105-52,SG,F,1,5,5,2,30,45,40,0.054,
99,A2.02,SG-F0105-53,SG,F,1,5,5,3,30,45,40,0.054,
100,A2.01,SG-F0105-54,SG,F,1,5,5,4,30,45,40,0.054,
101,A1.20,SG-F0106-11,SG,F,1,6,1,1,30,45,40,0.054,
102,A1.19,SG-F0106-12,SG,F,1,6,1,2,30,45,40,0.054,
103,A1.18,SG-F0106-13,SG,F,1,6,1,3,30,45,40,0.054,
104,A1.17,SG-F0106-14,SG,F,1,6,1,4,30,45,40,0.054,
105,A1.16,SG-F0106-21,SG,F,1,6,2,1,30,45,40,0.054,
106,A1.15,SG-F0106-22,SG,F,1,6,2,2,30,45,40,0.054,
107,A1.14,SG-F0106-23,SG,F,1,6,2,3,30,45,40,0.054,
108,A1.13,SG-F0106-24,SG,F,1,6,2,4,30,45,40,0.054,
109,A1.12,SG-F0106-31,SG,F,1,6,3,1,30,45,40,0.054,
110,A1.11,SG-F0106-32,SG,F,1,6,3,2,30,45,40,0.054,
111,A1.10,SG-F0106-33,SG,F,1,6,3,3,30,45,40,0.054,
112,A1.09,SG-F0106-34,SG,F,1,6,3,4,30,45,40,0.054,
113,A1.08,SG-F0106-41,SG,F,1,6,4,1,30,45,40,0.054,
114,A1.07,SG-F0106-42,SG,F,1,6,4,2,30,45,40,0.054,
115,A1.06,SG-F0106-43,SG,F,1,6,4,3,30,45,40,0.054,
116,A1.05,SG-F0106-44,SG,F,1,6,4,4,30,45,40,0.054,
117,A1.04,SG-F0106-51,SG,F,1,6,5,1,30,45,40,0.054,
118,A1.03,SG-F0106-52,SG,F,1,6,5,2,30,45,40,0.054,
119,A1.02,SG-F0106-53,SG,F,1,6,5,3,30,45,40,0.054,
120,A1.01,SG-F0106-54,SG,F,1,6,5,4,30,45,40,0.054,
121,C6.28,SG-F0201-11,SG,F,2,1,1,1,30,30,40,0.036,
122,C6.27,SG-F0201-12,SG,F,2,1,1,2,30,30,40,0.036,
123,C6.26,SG-F0201-13,SG,F,2,1,1,3,30,30,40,0.036,
124,C6.25,SG-F0201-14,SG,F,2,1,1,4,30,30,40,0.036,
125,C6.24,SG-F0201-21,SG,F,2,1,2,1,30,30,40,0.036,
126,C6.23,SG-F0201-22,SG,F,2,1,2,2,30,30,40,0.036,
127,C6.22,SG-F0201-23,SG,F,2,1,2,3,30,30,40,0.036,
128,C6.21,SG-F0201-24,SG,F,2,1,2,4,30,30,40,0.036,
129,C6.20,SG-F0201-31,SG,F,2,1,3,1,30,30,40,0.036,
130,C6.19,SG-F0201-32,SG,F,2,1,3,2,30,30,40,0.036,
131,C6.18,SG-F0201-33,SG,F,2,1,3,3,30,30,40,0.036,
132,C6.17,SG-F0201-34,SG,F,2,1,3,4,30,30,40,0.036,
133,C6.16,SG-F0201-41,SG,F,2,1,4,1,30,30,40,0.036,
134,C6.15,SG-F0201-42,SG,F,2,1,4,2,30,30,40,0.036,
135,C6.14,SG-F0201-43,SG,F,2,1,4,3,30,30,40,0.036,
136,C6.13,SG-F0201-44,SG,F,2,1,4,4,30,30,40,0.036,
137,C6.12,SG-F0201-51,SG,F,2,1,5,1,30,30,40,0.036,
138,C6.11,SG-F0201-52,SG,F,2,1,5,2,30,30,40,0.036,
139,C6.10,SG-F0201-53,SG,F,2,1,5,3,30,30,40,0.036,
140,C6.09,SG-F0201-54,SG,F,2,1,5,4,30,30,40,0.036,
141,C6.08,SG-F0201-61,SG,F,2,1,6,1,30,30,40,0.036,
142,C6.07,SG-F0201-62,SG,F,2,1,6,2,30,30,40,0.036,
143,C6.06,SG-F0201-63,SG,F,2,1,6,3,30,30,40,0.036,
144,C6.05,SG-F0201-64,SG,F,2,1,6,4,30,30,40,0.036,
145,C6.04,SG-F0201-71,SG,F,2,1,7,1,30,30,40,0.036,
146,C6.03,SG-F0201-72,SG,F,2,1,7,2,30,30,40,0.036,
147,C6.02,SG-F0201-73,SG,F,2,1,7,3,30,30,40,0.036,
148,C6.01,SG-F0201-74,SG,F,2,1,7,4,30,30,40,0.036,
149,C5.32,SG-F0202-11,SG,F,2,2,1,1,30,27,40,0.0324,
150,C5.31,SG-F0202-12,SG,F,2,2,1,2,30,27,40,0.0324,
151,C5.30,SG-F0202-13,SG,F,2,2,1,3,30,27,40,0.0324,
152,C5.29,SG-F0202-14,SG,F,2,2,1,4,30,27,40,0.0324,
153,C5.28,SG-F0202-21,SG,F,2,2,2,1,30,27,40,0.0324,
154,C5.27,SG-F0202-22,SG,F,2,2,2,2,30,27,40,0.0324,
155,C5.26,SG-F0202-23,SG,F,2,2,2,3,30,27,40,0.0324,
156,C5.25,SG-F0202-24,SG,F,2,2,2,4,30,27,40,0.0324,
157,C5.24,SG-F0202-31,SG,F,2,2,3,1,30,27,40,0.0324,
158,C5.23,SG-F0202-32,SG,F,2,2,3,2,30,27,40,0.0324,
159,C5.22,SG-F0202-33,SG,F,2,2,3,3,30,27,40,0.0324,
160,C5.21,SG-F0202-34,SG,F,2,2,3,4,30,27,40,0.0324,
161,C5.20,SG-F0202-41,SG,F,2,2,4,1,30,27,40,0.0324,
162,C5.19,SG-F0202-42,SG,F,2,2,4,2,30,27,40,0.0324,
163,C5.18,SG-F0202-43,SG,F,2,2,4,3,30,27,40,0.0324,
164,C5.17,SG-F0202-44,SG,F,2,2,4,4,30,27,40,0.0324,
165,C5.16,SG-F0202-51,SG,F,2,2,5,1,30,27,40,0.0324,
166,C5.15,SG-F0202-52,SG,F,2,2,5,2,30,27,40,0.0324,
167,C5.14,SG-F0202-53,SG,F,2,2,5,3,30,27,40,0.0324,
168,C5.13,SG-F0202-54,SG,F,2,2,5,4,30,27,40,0.0324,
169,C5.12,SG-F0202-61,SG,F,2,2,6,1,30,27,40,0.0324,
170,C5.11,SG-F0202-62,SG,F,2,2,6,2,30,27,40,0.0324,
171,C5.10,SG-F0202-63,SG,F,2,2,6,3,30,27,40,0.0324,
172,C5.09,SG-F0202-64,SG,F,2,2,6,4,30,27,40,0.0324,
173,C5.08,SG-F0202-71,SG,F,2,2,7,1,30,27,40,0.0324,
174,C5.07,SG-F0202-72,SG,F,2,2,7,2,30,27,40,0.0324,
175,C5.06,SG-F0202-73,SG,F,2,2,7,3,30,27,40,0.0324,
176,C5.05,SG-F0202-74,SG,F,2,2,7,4,30,27,40,0.0324,
177,C5.04,SG-F0202-81,SG,F,2,2,8,1,30,27,40,0.0324,
178,C5.03,SG-F0202-82,SG,F,2,2,8,2,30,27,40,0.0324,
179,C5.02,SG-F0202-83,SG,F,2,2,8,3,30,27,40,0.0324,
180,C5.01,SG-F0202-84,SG,F,2,2,8,4,30,27,40,0.0324,
181,C4.32,SG-F0203-11,SG,F,2,3,1,1,30,27,40,0.0324,
182,C4.31,SG-F0203-12,SG,F,2,3,1,2,30,27,40,0.0324,
183,C4.30,SG-F0203-13,SG,F,2,3,1,3,30,27,40,0.0324,
184,C4.29,SG-F0203-14,SG,F,2,3,1,4,30,27,40,0.0324,
185,C4.28,SG-F0203-21,SG,F,2,3,2,1,30,27,40,0.0324,
186,C4.27,SG-F0203-22,SG,F,2,3,2,2,30,27,40,0.0324,
187,C4.26,SG-F0203-23,SG,F,2,3,2,3,30,27,40,0.0324,
188,C4.25,SG-F0203-24,SG,F,2,3,2,4,30,27,40,0.0324,
189,C4.24,SG-F0203-31,SG,F,2,3,3,1,30,27,40,0.0324,
190,C4.23,SG-F0203-32,SG,F,2,3,3,2,30,27,40,0.0324,
191,C4.22,SG-F0203-33,SG,F,2,3,3,3,30,27,40,0.0324,
192,C4.21,SG-F0203-34,SG,F,2,3,3,4,30,27,40,0.0324,
193,C4.20,SG-F0203-41,SG,F,2,3,4,1,30,27,40,0.0324,
194,C4.19,SG-F0203-42,SG,F,2,3,4,2,30,27,40,0.0324,
195,C4.18,SG-F0203-43,SG,F,2,3,4,3,30,27,40,0.0324,
196,C4.17,SG-F0203-44,SG,F,2,3,4,4,30,27,40,0.0324,
197,C4.16,SG-F0203-51,SG,F,2,3,5,1,30,27,40,0.0324,
198,C4.15,SG-F0203-52,SG,F,2,3,5,2,30,27,40,0.0324,
199,C4.14,SG-F0203-53,SG,F,2,3,5,3,30,27,40,0.0324,
200,C4.13,SG-F0203-54,SG,F,2,3,5,4,30,27,40,0.0324,
201,C4.12,SG-F0203-61,SG,F,2,3,6,1,30,27,40,0.0324,
202,C4.11,SG-F0203-62,SG,F,2,3,6,2,30,27,40,0.0324,
203,C4.10,SG-F0203-63,SG,F,2,3,6,3,30,27,40,0.0324,
204,C4.09,SG-F0203-64,SG,F,2,3,6,4,30,27,40,0.0324,
205,C4.08,SG-F0203-71,SG,F,2,3,7,1,30,27,40,0.0324,
206,C4.07,SG-F0203-72,SG,F,2,3,7,2,30,27,40,0.0324,
207,C4.06,SG-F0203-73,SG,F,2,3,7,3,30,27,40,0.0324,
208,C4.05,SG-F0203-74,SG,F,2,3,7,4,30,27,40,0.0324,
209,C4.04,SG-F0203-81,SG,F,2,3,8,1,30,27,40,0.0324,
210,C4.03,SG-F0203-82,SG,F,2,3,8,2,30,27,40,0.0324,
211,C4.02,SG-F0203-83,SG,F,2,3,8,3,30,27,40,0.0324,
212,C4.01,SG-F0203-84,SG,F,2,3,8,4,30,27,40,0.0324,
213,C3.32,SG-F0204-11,SG,F,2,4,1,1,30,27,40,0.0324,
214,C3.31,SG-F0204-12,SG,F,2,4,1,2,30,27,40,0.0324,
215,C3.30,SG-F0204-13,SG,F,2,4,1,3,30,27,40,0.0324,
216,C3.29,SG-F0204-14,SG,F,2,4,1,4,30,27,40,0.0324,
217,C3.28,SG-F0204-21,SG,F,2,4,2,1,30,27,40,0.0324,
218,C3.27,SG-F0204-22,SG,F,2,4,2,2,30,27,40,0.0324,
219,C3.26,SG-F0204-23,SG,F,2,4,2,3,30,27,40,0.0324,
220,C3.25,SG-F0204-24,SG,F,2,4,2,4,30,27,40,0.0324,
221,C3.24,SG-F0204-31,SG,F,2,4,3,1,30,27,40,0.0324,
222,C3.23,SG-F0204-32,SG,F,2,4,3,2,30,27,40,0.0324,
223,C3.22,SG-F0204-33,SG,F,2,4,3,3,30,27,40,0.0324,
224,C3.21,SG-F0204-34,SG,F,2,4,3,4,30,27,40,0.0324,
225,C3.20,SG-F0204-41,SG,F,2,4,4,1,30,27,40,0.0324,
226,C3.19,SG-F0204-42,SG,F,2,4,4,2,30,27,40,0.0324,
227,C3.18,SG-F0204-43,SG,F,2,4,4,3,30,27,40,0.0324,
228,C3.17,SG-F0204-44,SG,F,2,4,4,4,30,27,40,0.0324,
229,C3.16,SG-F0204-51,SG,F,2,4,5,1,30,27,40,0.0324,
230,C3.15,SG-F0204-52,SG,F,2,4,5,2,30,27,40,0.0324,
231,C3.14,SG-F0204-53,SG,F,2,4,5,3,30,27,40,0.0324,
232,C3.13,SG-F0204-54,SG,F,2,4,5,4,30,27,40,0.0324,
233,C3.12,SG-F0204-61,SG,F,2,4,6,1,30,27,40,0.0324,
234,C3.11,SG-F0204-62,SG,F,2,4,6,2,30,27,40,0.0324,
235,C3.10,SG-F0204-63,SG,F,2,4,6,3,30,27,40,0.0324,
236,C3.09,SG-F0204-64,SG,F,2,4,6,4,30,27,40,0.0324,
237,C3.08,SG-F0204-71,SG,F,2,4,7,1,30,27,40,0.0324,
238,C3.07,SG-F0204-72,SG,F,2,4,7,2,30,27,40,0.0324,
239,C3.06,SG-F0204-73,SG,F,2,4,7,3,30,27,40,0.0324,
240,C3.05,SG-F0204-74,SG,F,2,4,7,4,30,27,40,0.0324,
241,C3.04,SG-F0204-81,SG,F,2,4,8,1,30,27,40,0.0324,
242,C3.03,SG-F0204-82,SG,F,2,4,8,2,30,27,40,0.0324,
243,C3.02,SG-F0204-83,SG,F,2,4,8,3,30,27,40,0.0324,
244,C3.01,SG-F0204-84,SG,F,2,4,8,4,30,27,40,0.0324,
245,C2.20,SG-F0205-11,SG,F,2,5,1,1,30,45,40,0.054,
246,C2.19,SG-F0205-12,SG,F,2,5,1,2,30,45,40,0.054,
247,C2.18,SG-F0205-13,SG,F,2,5,1,3,30,45,40,0.054,
248,C2.17,SG-F0205-14,SG,F,2,5,1,4,30,45,40,0.054,
249,C2.16,SG-F0205-21,SG,F,2,5,2,1,30,45,40,0.054,
250,C2.15,SG-F0205-22,SG,F,2,5,2,2,30,45,40,0.054,
251,C2.14,SG-F0205-23,SG,F,2,5,2,3,30,45,40,0.054,
252,C2.13,SG-F0205-24,SG,F,2,5,2,4,30,45,40,0.054,
253,C2.12,SG-F0205-31,SG,F,2,5,3,1,30,45,40,0.054,
254,C2.11,SG-F0205-32,SG,F,2,5,3,2,30,45,40,0.054,
255,C2.10,SG-F0205-33,SG,F,2,5,3,3,30,45,40,0.054,
256,C2.09,SG-F0205-34,SG,F,2,5,3,4,30,45,40,0.054,
257,C2.08,SG-F0205-41,SG,F,2,5,4,1,30,45,40,0.054,
258,C2.07,SG-F0205-42,SG,F,2,5,4,2,30,45,40,0.054,
259,C2.06,SG-F0205-43,SG,F,2,5,4,3,30,45,40,0.054,
260,C2.05,SG-F0205-44,SG,F,2,5,4,4,30,45,40,0.054,
261,C2.04,SG-F0205-51,SG,F,2,5,5,1,30,45,40,0.054,
262,C2.03,SG-F0205-52,SG,F,2,5,5,2,30,45,40,0.054,
263,C2.02,SG-F0205-53,SG,F,2,5,5,3,30,45,40,0.054,
264,C2.01,SG-F0205-54,SG,F,2,5,5,4,30,45,40,0.054,
265,C1.20,SG-F0206-11,SG,F,2,6,1,1,30,45,40,0.054,
266,C1.19,SG-F0206-12,SG,F,2,6,1,2,30,45,40,0.054,
267,C1.18,SG-F0206-13,SG,F,2,6,1,3,30,45,40,0.054,
268,C1.17,SG-F0206-14,SG,F,2,6,1,4,30,45,40,0.054,
269,C1.16,SG-F0206-21,SG,F,2,6,2,1,30,45,40,0.054,
270,C1.15,SG-F0206-22,SG,F,2,6,2,2,30,45,40,0.054,
271,C1.14,SG-F0206-23,SG,F,2,6,2,3,30,45,40,0.054,
272,C1.13,SG-F0206-24,SG,F,2,6,2,4,30,45,40,0.054,
273,C1.12,SG-F0206-31,SG,F,2,6,3,1,30,45,40,0.054,
274,C1.11,SG-F0206-32,SG,F,2,6,3,2,30,45,40,0.054,
275,C1.10,SG-F0206-33,SG,F,2,6,3,3,30,45,40,0.054,
276,C1.09,SG-F0206-34,SG,F,2,6,3,4,30,45,40,0.054,
277,C1.08,SG-F0206-41,SG,F,2,6,4,1,30,45,40,0.054,
278,C1.07,SG-F0206-42,SG,F,2,6,4,2,30,45,40,0.054,
279,C1.06,SG-F0206-43,SG,F,2,6,4,3,30,45,40,0.054,
280,C1.05,SG-F0206-44,SG,F,2,6,4,4,30,45,40,0.054,
281,C1.04,SG-F0206-51,SG,F,2,6,5,1,30,45,40,0.054,
282,C1.03,SG-F0206-52,SG,F,2,6,5,2,30,45,40,0.054,
283,C1.02,SG-F0206-53,SG,F,2,6,5,3,30,45,40,0.054,
284,C1.01,SG-F0206-54,SG,F,2,6,5,4,30,45,40,0.054,
285,D6.32,SG-F0301-11,SG,F,3,1,1,1,30,27,40,0.0324,
286,D6.31,SG-F0301-12,SG,F,3,1,1,2,30,27,40,0.0324,
287,D6.30,SG-F0301-13,SG,F,3,1,1,3,30,27,40,0.0324,
288,D6.29,SG-F0301-14,SG,F,3,1,1,4,30,27,40,0.0324,
289,D6.28,SG-F0301-21,SG,F,3,1,2,1,30,27,40,0.0324,
290,D6.27,SG-F0301-22,SG,F,3,1,2,2,30,27,40,0.0324,
291,D6.26,SG-F0301-23,SG,F,3,1,2,3,30,27,40,0.0324,
292,D6.25,SG-F0301-24,SG,F,3,1,2,4,30,27,40,0.0324,
293,D6.24,SG-F0301-31,SG,F,3,1,3,1,30,27,40,0.0324,
294,D6.23,SG-F0301-32,SG,F,3,1,3,2,30,27,40,0.0324,
295,D6.22,SG-F0301-33,SG,F,3,1,3,3,30,27,40,0.0324,
296,D6.21,SG-F0301-34,SG,F,3,1,3,4,30,27,40,0.0324,
297,D6.20,SG-F0301-41,SG,F,3,1,4,1,30,27,40,0.0324,
298,D6.19,SG-F0301-42,SG,F,3,1,4,2,30,27,40,0.0324,
299,D6.18,SG-F0301-43,SG,F,3,1,4,3,30,27,40,0.0324,
300,D6.17,SG-F0301-44,SG,F,3,1,4,4,30,27,40,0.0324,
301,D6.16,SG-F0301-51,SG,F,3,1,5,1,30,27,40,0.0324,
302,D6.15,SG-F0301-52,SG,F,3,1,5,2,30,27,40,0.0324,
303,D6.14,SG-F0301-53,SG,F,3,1,5,3,30,27,40,0.0324,
304,D6.13,SG-F0301-54,SG,F,3,1,5,4,30,27,40,0.0324,
305,D6.12,SG-F0301-61,SG,F,3,1,6,1,30,27,40,0.0324,
306,D6.11,SG-F0301-62,SG,F,3,1,6,2,30,27,40,0.0324,
307,D6.10,SG-F0301-63,SG,F,3,1,6,3,30,27,40,0.0324,
308,D6.09,SG-F0301-64,SG,F,3,1,6,4,30,27,40,0.0324,
309,D6.08,SG-F0301-71,SG,F,3,1,7,1,30,27,40,0.0324,
310,D6.07,SG-F0301-72,SG,F,3,1,7,2,30,27,40,0.0324,
311,D6.06,SG-F0301-73,SG,F,3,1,7,3,30,27,40,0.0324,
312,D6.05,SG-F0301-74,SG,F,3,1,7,4,30,27,40,0.0324,
313,D6.04,SG-F0301-81,SG,F,3,1,8,1,30,27,40,0.0324,
314,D6.03,SG-F0301-82,SG,F,3,1,8,2,30,27,40,0.0324,
315,D6.02,SG-F0301-83,SG,F,3,1,8,3,30,27,40,0.0324,
316,D6.01,SG-F0301-84,SG,F,3,1,8,4,30,27,40,0.0324,
317,D5.32,SG-F0302-11,SG,F,3,2,1,1,30,27,40,0.0324,
318,D5.31,SG-F0302-12,SG,F,3,2,1,2,30,27,40,0.0324,
319,D5.30,SG-F0302-13,SG,F,3,2,1,3,30,27,40,0.0324,
320,D5.29,SG-F0302-14,SG,F,3,2,1,4,30,27,40,0.0324,
321,D5.28,SG-F0302-21,SG,F,3,2,2,1,30,27,40,0.0324,
322,D5.27,SG-F0302-22,SG,F,3,2,2,2,30,27,40,0.0324,
323,D5.26,SG-F0302-23,SG,F,3,2,2,3,30,27,40,0.0324,
324,D5.25,SG-F0302-24,SG,F,3,2,2,4,30,27,40,0.0324,
325,D5.24,SG-F0302-31,SG,F,3,2,3,1,30,27,40,0.0324,
326,D5.23,SG-F0302-32,SG,F,3,2,3,2,30,27,40,0.0324,
327,D5.22,SG-F0302-33,SG,F,3,2,3,3,30,27,40,0.0324,
328,D5.21,SG-F0302-34,SG,F,3,2,3,4,30,27,40,0.0324,
329,D5.20,SG-F0302-41,SG,F,3,2,4,1,30,27,40,0.0324,
330,D5.19,SG-F0302-42,SG,F,3,2,4,2,30,27,40,0.0324,
331,D5.18,SG-F0302-43,SG,F,3,2,4,3,30,27,40,0.0324,
332,D5.17,SG-F0302-44,SG,F,3,2,4,4,30,27,40,0.0324,
333,D5.16,SG-F0302-51,SG,F,3,2,5,1,30,27,40,0.0324,
334,D5.15,SG-F0302-52,SG,F,3,2,5,2,30,27,40,0.0324,
335,D5.14,SG-F0302-53,SG,F,3,2,5,3,30,27,40,0.0324,
336,D5.13,SG-F0302-54,SG,F,3,2,5,4,30,27,40,0.0324,
337,D5.12,SG-F0302-61,SG,F,3,2,6,1,30,27,40,0.0324,
338,D5.11,SG-F0302-62,SG,F,3,2,6,2,30,27,40,0.0324,
339,D5.10,SG-F0302-63,SG,F,3,2,6,3,30,27,40,0.0324,
340,D5.09,SG-F0302-64,SG,F,3,2,6,4,30,27,40,0.0324,
341,D5.08,SG-F0302-71,SG,F,3,2,7,1,30,27,40,0.0324,
342,D5.07,SG-F0302-72,SG,F,3,2,7,2,30,27,40,0.0324,
343,D5.06,SG-F0302-73,SG,F,3,2,7,3,30,27,40,0.0324,
344,D5.05,SG-F0302-74,SG,F,3,2,7,4,30,27,40,0.0324,
345,D5.04,SG-F0302-81,SG,F,3,2,8,1,30,27,40,0.0324,
346,D5.03,SG-F0302-82,SG,F,3,2,8,2,30,27,40,0.0324,
347,D5.02,SG-F0302-83,SG,F,3,2,8,3,30,27,40,0.0324,
348,D5.01,SG-F0302-84,SG,F,3,2,8,4,30,27,40,0.0324,
349,D4.32,SG-F0303-11,SG,F,3,3,1,1,30,27,40,0.0324,
350,D4.31,SG-F0303-12,SG,F,3,3,1,2,30,27,40,0.0324,
351,D4.30,SG-F0303-13,SG,F,3,3,1,3,30,27,40,0.0324,
352,D4.29,SG-F0303-14,SG,F,3,3,1,4,30,27,40,0.0324,
353,D4.28,SG-F0303-21,SG,F,3,3,2,1,30,27,40,0.0324,
354,D4.27,SG-F0303-22,SG,F,3,3,2,2,30,27,40,0.0324,
355,D4.26,SG-F0303-23,SG,F,3,3,2,3,30,27,40,0.0324,
356,D4.25,SG-F0303-24,SG,F,3,3,2,4,30,27,40,0.0324,
357,D4.24,SG-F0303-31,SG,F,3,3,3,1,30,27,40,0.0324,
358,D4.23,SG-F0303-32,SG,F,3,3,3,2,30,27,40,0.0324,
359,D4.22,SG-F0303-33,SG,F,3,3,3,3,30,27,40,0.0324,
360,D4.21,SG-F0303-34,SG,F,3,3,3,4,30,27,40,0.0324,
361,D4.20,SG-F0303-41,SG,F,3,3,4,1,30,27,40,0.0324,
362,D4.19,SG-F0303-42,SG,F,3,3,4,2,30,27,40,0.0324,
363,D4.18,SG-F0303-43,SG,F,3,3,4,3,30,27,40,0.0324,
364,D4.17,SG-F0303-44,SG,F,3,3,4,4,30,27,40,0.0324,
365,D4.16,SG-F0303-51,SG,F,3,3,5,1,30,27,40,0.0324,
366,D4.15,SG-F0303-52,SG,F,3,3,5,2,30,27,40,0.0324,
367,D4.14,SG-F0303-53,SG,F,3,3,5,3,30,27,40,0.0324,
368,D4.13,SG-F0303-54,SG,F,3,3,5,4,30,27,40,0.0324,
369,D4.12,SG-F0303-61,SG,F,3,3,6,1,30,27,40,0.0324,
370,D4.11,SG-F0303-62,SG,F,3,3,6,2,30,27,40,0.0324,
371,D4.10,SG-F0303-63,SG,F,3,3,6,3,30,27,40,0.0324,
372,D4.09,SG-F0303-64,SG,F,3,3,6,4,30,27,40,0.0324,
373,D4.08,SG-F0303-71,SG,F,3,3,7,1,30,27,40,0.0324,
374,D4.07,SG-F0303-72,SG,F,3,3,7,2,30,27,40,0.0324,
375,D4.06,SG-F0303-73,SG,F,3,3,7,3,30,27,40,0.0324,
376,D4.05,SG-F0303-74,SG,F,3,3,7,4,30,27,40,0.0324,
377,D4.04,SG-F0303-81,SG,F,3,3,8,1,30,27,40,0.0324,
378,D4.03,SG-F0303-82,SG,F,3,3,8,2,30,27,40,0.0324,
379,D4.02,SG-F0303-83,SG,F,3,3,8,3,30,27,40,0.0324,
380,D4.01,SG-F0303-84,SG,F,3,3,8,4,30,27,40,0.0324,
381,D3.32,SG-F0304-11,SG,F,3,4,1,1,30,27,40,0.0324,
382,D3.31,SG-F0304-12,SG,F,3,4,1,2,30,27,40,0.0324,
383,D3.30,SG-F0304-13,SG,F,3,4,1,3,30,27,40,0.0324,
384,D3.29,SG-F0304-14,SG,F,3,4,1,4,30,27,40,0.0324,
385,D3.28,SG-F0304-21,SG,F,3,4,2,1,30,27,40,0.0324,
386,D3.27,SG-F0304-22,SG,F,3,4,2,2,30,27,40,0.0324,
387,D3.26,SG-F0304-23,SG,F,3,4,2,3,30,27,40,0.0324,
388,D3.25,SG-F0304-24,SG,F,3,4,2,4,30,27,40,0.0324,
389,D3.24,SG-F0304-31,SG,F,3,4,3,1,30,27,40,0.0324,
390,D3.23,SG-F0304-32,SG,F,3,4,3,2,30,27,40,0.0324,
391,D3.22,SG-F0304-33,SG,F,3,4,3,3,30,27,40,0.0324,
392,D3.21,SG-F0304-34,SG,F,3,4,3,4,30,27,40,0.0324,
393,D3.20,SG-F0304-41,SG,F,3,4,4,1,30,27,40,0.0324,
394,D3.19,SG-F0304-42,SG,F,3,4,4,2,30,27,40,0.0324,
395,D3.18,SG-F0304-43,SG,F,3,4,4,3,30,27,40,0.0324,
396,D3.17,SG-F0304-44,SG,F,3,4,4,4,30,27,40,0.0324,
397,D3.16,SG-F0304-51,SG,F,3,4,5,1,30,27,40,0.0324,
398,D3.15,SG-F0304-52,SG,F,3,4,5,2,30,27,40,0.0324,
399,D3.14,SG-F0304-53,SG,F,3,4,5,3,30,27,40,0.0324,
400,D3.13,SG-F0304-54,SG,F,3,4,5,4,30,27,40,0.0324,
401,D3.12,SG-F0304-61,SG,F,3,4,6,1,30,27,40,0.0324,
402,D3.11,SG-F0304-62,SG,F,3,4,6,2,30,27,40,0.0324,
403,D3.10,SG-F0304-63,SG,F,3,4,6,3,30,27,40,0.0324,
404,D3.09,SG-F0304-64,SG,F,3,4,6,4,30,27,40,0.0324,
405,D3.08,SG-F0304-71,SG,F,3,4,7,1,30,27,40,0.0324,
406,D3.07,SG-F0304-72,SG,F,3,4,7,2,30,27,40,0.0324,
407,D3.06,SG-F0304-73,SG,F,3,4,7,3,30,27,40,0.0324,
408,D3.05,SG-F0304-74,SG,F,3,4,7,4,30,27,40,0.0324,
409,D3.04,SG-F0304-81,SG,F,3,4,8,1,30,27,40,0.0324,
410,D3.03,SG-F0304-82,SG,F,3,4,8,2,30,27,40,0.0324,
411,D3.02,SG-F0304-83,SG,F,3,4,8,3,30,27,40,0.0324,
412,D3.01,SG-F0304-84,SG,F,3,4,8,4,30,27,40,0.0324,
413,D2.32,SG-F0305-11,SG,F,3,5,1,1,30,27,40,0.0324,
414,D2.31,SG-F0305-12,SG,F,3,5,1,2,30,27,40,0.0324,
415,D2.30,SG-F0305-13,SG,F,3,5,1,3,30,27,40,0.0324,
416,D2.29,SG-F0305-14,SG,F,3,5,1,4,30,27,40,0.0324,
417,D2.28,SG-F0305-21,SG,F,3,5,2,1,30,27,40,0.0324,
418,D2.27,SG-F0305-22,SG,F,3,5,2,2,30,27,40,0.0324,
419,D2.26,SG-F0305-23,SG,F,3,5,2,3,30,27,40,0.0324,
420,D2.25,SG-F0305-24,SG,F,3,5,2,4,30,27,40,0.0324,
421,D2.24,SG-F0305-31,SG,F,3,5,3,1,30,27,40,0.0324,
422,D2.23,SG-F0305-32,SG,F,3,5,3,2,30,27,40,0.0324,
423,D2.22,SG-F0305-33,SG,F,3,5,3,3,30,27,40,0.0324,
424,D2.21,SG-F0305-34,SG,F,3,5,3,4,30,27,40,0.0324,
425,D2.20,SG-F0305-41,SG,F,3,5,4,1,30,27,40,0.0324,
426,D2.19,SG-F0305-42,SG,F,3,5,4,2,30,27,40,0.0324,
427,D2.18,SG-F0305-43,SG,F,3,5,4,3,30,27,40,0.0324,
428,D2.17,SG-F0305-44,SG,F,3,5,4,4,30,27,40,0.0324,
429,D2.16,SG-F0305-51,SG,F,3,5,5,1,30,27,40,0.0324,
430,D2.15,SG-F0305-52,SG,F,3,5,5,2,30,27,40,0.0324,
431,D2.14,SG-F0305-53,SG,F,3,5,5,3,30,27,40,0.0324,
432,D2.13,SG-F0305-54,SG,F,3,5,5,4,30,27,40,0.0324,
433,D2.12,SG-F0305-61,SG,F,3,5,6,1,30,27,40,0.0324,
434,D2.11,SG-F0305-62,SG,F,3,5,6,2,30,27,40,0.0324,
435,D2.10,SG-F0305-63,SG,F,3,5,6,3,30,27,40,0.0324,
436,D2.09,SG-F0305-64,SG,F,3,5,6,4,30,27,40,0.0324,
437,D2.08,SG-F0305-71,SG,F,3,5,7,1,30,27,40,0.0324,
438,D2.07,SG-F0305-72,SG,F,3,5,7,2,30,27,40,0.0324,
439,D2.06,SG-F0305-73,SG,F,3,5,7,3,30,27,40,0.0324,
440,D2.05,SG-F0305-74,SG,F,3,5,7,4,30,27,40,0.0324,
441,D2.04,SG-F0305-81,SG,F,3,5,8,1,30,27,40,0.0324,
442,D2.03,SG-F0305-82,SG,F,3,5,8,2,30,27,40,0.0324,
443,D2.02,SG-F0305-83,SG,F,3,5,8,3,30,27,40,0.0324,
444,D2.01,SG-F0305-84,SG,F,3,5,8,4,30,27,40,0.0324,
445,D1.32,SG-F0306-11,SG,F,3,6,1,1,30,27,40,0.0324,
446,D1.31,SG-F0306-12,SG,F,3,6,1,2,30,27,40,0.0324,
447,D1.30,SG-F0306-13,SG,F,3,6,1,3,30,27,40,0.0324,
448,D1.29,SG-F0306-14,SG,F,3,6,1,4,30,27,40,0.0324,
449,D1.28,SG-F0306-21,SG,F,3,6,2,1,30,27,40,0.0324,
450,D1.27,SG-F0306-22,SG,F,3,6,2,2,30,27,40,0.0324,
451,D1.26,SG-F0306-23,SG,F,3,6,2,3,30,27,40,0.0324,
452,D1.25,SG-F0306-24,SG,F,3,6,2,4,30,27,40,0.0324,
453,D1.24,SG-F0306-31,SG,F,3,6,3,1,30,27,40,0.0324,
454,D1.23,SG-F0306-32,SG,F,3,6,3,2,30,27,40,0.0324,
455,D1.22,SG-F0306-33,SG,F,3,6,3,3,30,27,40,0.0324,
456,D1.21,SG-F0306-34,SG,F,3,6,3,4,30,27,40,0.0324,
457,D1.20,SG-F0306-41,SG,F,3,6,4,1,30,27,40,0.0324,
458,D1.19,SG-F0306-42,SG,F,3,6,4,2,30,27,40,0.0324,
459,D1.18,SG-F0306-43,SG,F,3,6,4,3,30,27,40,0.0324,
460,D1.17,SG-F0306-44,SG,F,3,6,4,4,30,27,40,0.0324,
461,D1.16,SG-F0306-51,SG,F,3,6,5,1,30,27,40,0.0324,
462,D1.15,SG-F0306-52,SG,F,3,6,5,2,30,27,40,0.0324,
463,D1.14,SG-F0306-53,SG,F,3,6,5,3,30,27,40,0.0324,
464,D1.13,SG-F0306-54,SG,F,3,6,5,4,30,27,40,0.0324,
465,D1.12,SG-F0306-61,SG,F,3,6,6,1,30,27,40,0.0324,
466,D1.11,SG-F0306-62,SG,F,3,6,6,2,30,27,40,0.0324,
467,D1.10,SG-F0306-63,SG,F,3,6,6,3,30,27,40,0.0324,
468,D1.09,SG-F0306-64,SG,F,3,6,6,4,30,27,40,0.0324,
469,D1.08,SG-F0306-71,SG,F,3,6,7,1,30,27,40,0.0324,
470,D1.07,SG-F0306-72,SG,F,3,6,7,2,30,27,40,0.0324,
471,D1.06,SG-F0306-73,SG,F,3,6,7,3,30,27,40,0.0324,
472,D1.05,SG-F0306-74,SG,F,3,6,7,4,30,27,40,0.0324,
473,D1.04,SG-F0306-81,SG,F,3,6,8,1,30,27,40,0.0324,
474,D1.03,SG-F0306-82,SG,F,3,6,8,2,30,27,40,0.0324,
475,D1.02,SG-F0306-83,SG,F,3,6,8,3,30,27,40,0.0324,
476,D1.01,SG-F0306-84,SG,F,3,6,8,4,30,27,40,0.0324,
477,E6.21,SG-F0401-11,SG,F,4,1,1,1,30,42,41,0.05166,
478,E6.22,SG-F0401-12,SG,F,4,1,1,2,30,42,41,0.05166,
479,E6.23,SG-F0401-13,SG,F,4,1,1,3,30,42,41,0.05166,
480,E6.24,SG-F0401-14,SG,F,4,1,1,4,30,42,41,0.05166,
481,E6.17,SG-F0401-21,SG,F,4,1,2,1,30,42,41,0.05166,
482,E6.18,SG-F0401-22,SG,F,4,1,2,2,30,42,41,0.05166,
483,E6.19,SG-F0401-23,SG,F,4,1,2,3,30,42,41,0.05166,
484,E6.20,SG-F0401-24,SG,F,4,1,2,4,30,42,41,0.05166,
485,E6.13,SG-F0401-31,SG,F,4,1,3,1,30,42,41,0.05166,
486,E6.14,SG-F0401-32,SG,F,4,1,3,2,30,42,41,0.05166,
487,E6.15,SG-F0401-33,SG,F,4,1,3,3,30,42,41,0.05166,
488,E6.16,SG-F0401-34,SG,F,4,1,3,4,30,42,41,0.05166,
489,E6.09,SG-F0401-41,SG,F,4,1,4,1,30,42,41,0.05166,
490,E6.10,SG-F0401-42,SG,F,4,1,4,2,30,42,41,0.05166,
491,E6.11,SG-F0401-43,SG,F,4,1,4,3,30,42,41,0.05166,
492,E6.12,SG-F0401-44,SG,F,4,1,4,4,30,42,41,0.05166,
493,E6.05,SG-F0401-51,SG,F,4,1,5,1,30,42,41,0.05166,
494,E6.06,SG-F0401-52,SG,F,4,1,5,2,30,42,41,0.05166,
495,E6.07,SG-F0401-53,SG,F,4,1,5,3,30,42,41,0.05166,
496,E6.08,SG-F0401-54,SG,F,4,1,5,4,30,42,41,0.05166,
497,E6.01,SG-F0401-61,SG,F,4,1,6,1,30,42,41,0.05166,
498,E6.02,SG-F0401-62,SG,F,4,1,6,2,30,42,41,0.05166,
499,E6.03,SG-F0401-63,SG,F,4,1,6,3,30,42,41,0.05166,
500,E6.04,SG-F0401-64,SG,F,4,1,6,4,30,42,41,0.05166,
501,E5.21,SG-F0402-11,SG,F,4,2,1,1,30,42,41,0.05166,
502,E5.22,SG-F0402-12,SG,F,4,2,1,2,30,42,41,0.05166,
503,E5.23,SG-F0402-13,SG,F,4,2,1,3,30,42,41,0.05166,
504,E5.24,SG-F0402-14,SG,F,4,2,1,4,30,42,41,0.05166,
505,E5.17,SG-F0402-21,SG,F,4,2,2,1,30,42,41,0.05166,
506,E5.18,SG-F0402-22,SG,F,4,2,2,2,30,42,41,0.05166,
507,E5.19,SG-F0402-23,SG,F,4,2,2,3,30,42,41,0.05166,
508,E5.20,SG-F0402-24,SG,F,4,2,2,4,30,42,41,0.05166,
509,E5.13,SG-F0402-31,SG,F,4,2,3,1,30,42,41,0.05166,
510,E5.14,SG-F0402-32,SG,F,4,2,3,2,30,42,41,0.05166,
511,E5.15,SG-F0402-33,SG,F,4,2,3,3,30,42,41,0.05166,
512,E5.16,SG-F0402-34,SG,F,4,2,3,4,30,42,41,0.05166,
513,E5.09,SG-F0402-41,SG,F,4,2,4,1,30,42,41,0.05166,
514,E5.10,SG-F0402-42,SG,F,4,2,4,2,30,42,41,0.05166,
515,E5.11,SG-F0402-43,SG,F,4,2,4,3,30,42,41,0.05166,
516,E5.12,SG-F0402-44,SG,F,4,2,4,4,30,42,41,0.05166,
517,E5.05,SG-F0402-51,SG,F,4,2,5,1,30,42,41,0.05166,
518,E5.06,SG-F0402-52,SG,F,4,2,5,2,30,42,41,0.05166,
519,E5.07,SG-F0402-53,SG,F,4,2,5,3,30,42,41,0.05166,
520,E5.08,SG-F0402-54,SG,F,4,2,5,4,30,42,41,0.05166,
521,E5.01,SG-F0402-61,SG,F,4,2,6,1,30,42,41,0.05166,
522,E5.02,SG-F0402-62,SG,F,4,2,6,2,30,42,41,0.05166,
523,E5.03,SG-F0402-63,SG,F,4,2,6,3,30,42,41,0.05166,
524,E5.04,SG-F0402-64,SG,F,4,2,6,4,30,42,41,0.05166,
525,E4.21,SG-F0403-11,SG,F,4,3,1,1,30,42,41,0.05166,
526,E4.22,SG-F0403-12,SG,F,4,3,1,2,30,42,41,0.05166,
527,E4.23,SG-F0403-13,SG,F,4,3,1,3,30,42,41,0.05166,
528,E4.24,SG-F0403-14,SG,F,4,3,1,4,30,42,41,0.05166,
529,E4.17,SG-F0403-21,SG,F,4,3,2,1,30,42,41,0.05166,
530,E4.18,SG-F0403-22,SG,F,4,3,2,2,30,42,41,0.05166,
531,E4.19,SG-F0403-23,SG,F,4,3,2,3,30,42,41,0.05166,
532,E4.20,SG-F0403-24,SG,F,4,3,2,4,30,42,41,0.05166,
533,E4.13,SG-F0403-31,SG,F,4,3,3,1,30,42,41,0.05166,
534,E4.14,SG-F0403-32,SG,F,4,3,3,2,30,42,41,0.05166,
535,E4.15,SG-F0403-33,SG,F,4,3,3,3,30,42,41,0.05166,
536,E4.16,SG-F0403-34,SG,F,4,3,3,4,30,42,41,0.05166,
537,E4.09,SG-F0403-41,SG,F,4,3,4,1,30,42,41,0.05166,
538,E4.10,SG-F0403-42,SG,F,4,3,4,2,30,42,41,0.05166,
539,E4.11,SG-F0403-43,SG,F,4,3,4,3,30,42,41,0.05166,
540,E4.12,SG-F0403-44,SG,F,4,3,4,4,30,42,41,0.05166,
541,E4.05,SG-F0403-51,SG,F,4,3,5,1,30,42,41,0.05166,
542,E4.06,SG-F0403-52,SG,F,4,3,5,2,30,42,41,0.05166,
543,E4.07,SG-F0403-53,SG,F,4,3,5,3,30,42,41,0.05166,
544,E4.08,SG-F0403-54,SG,F,4,3,5,4,30,42,41,0.05166,
545,E4.01,SG-F0403-61,SG,F,4,3,6,1,30,42,41,0.05166,
546,E4.02,SG-F0403-62,SG,F,4,3,6,2,30,42,41,0.05166,
547,E4.03,SG-F0403-63,SG,F,4,3,6,3,30,42,41,0.05166,
548,E4.04,SG-F0403-64,SG,F,4,3,6,4,30,42,41,0.05166,
549,E3.21,SG-F0404-11,SG,F,4,4,1,1,30,42,41,0.05166,
550,E3.22,SG-F0404-12,SG,F,4,4,1,2,30,42,41,0.05166,
551,E3.23,SG-F0404-13,SG,F,4,4,1,3,30,42,41,0.05166,
552,E3.24,SG-F0404-14,SG,F,4,4,1,4,30,42,41,0.05166,
553,E3.17,SG-F0404-21,SG,F,4,4,2,1,30,42,41,0.05166,
554,E3.18,SG-F0404-22,SG,F,4,4,2,2,30,42,41,0.05166,
555,E3.19,SG-F0404-23,SG,F,4,4,2,3,30,42,41,0.05166,
556,E3.20,SG-F0404-24,SG,F,4,4,2,4,30,42,41,0.05166,
557,E3.13,SG-F0404-31,SG,F,4,4,3,1,30,42,41,0.05166,
558,E3.14,SG-F0404-32,SG,F,4,4,3,2,30,42,41,0.05166,
559,E3.15,SG-F0404-33,SG,F,4,4,3,3,30,42,41,0.05166,
560,E3.16,SG-F0404-34,SG,F,4,4,3,4,30,42,41,0.05166,
561,E3.09,SG-F0404-41,SG,F,4,4,4,1,30,42,41,0.05166,
562,E3.10,SG-F0404-42,SG,F,4,4,4,2,30,42,41,0.05166,
563,E3.11,SG-F0404-43,SG,F,4,4,4,3,30,42,41,0.05166,
564,E3.12,SG-F0404-44,SG,F,4,4,4,4,30,42,41,0.05166,
565,E3.05,SG-F0404-51,SG,F,4,4,5,1,30,42,41,0.05166,
566,E3.06,SG-F0404-52,SG,F,4,4,5,2,30,42,41,0.05166,
567,E3.07,SG-F0404-53,SG,F,4,4,5,3,30,42,41,0.05166,
568,E3.08,SG-F0404-54,SG,F,4,4,5,4,30,42,41,0.05166,
569,E3.01,SG-F0404-61,SG,F,4,4,6,1,30,42,41,0.05166,
570,E3.02,SG-F0404-62,SG,F,4,4,6,2,30,42,41,0.05166,
571,E3.03,SG-F0404-63,SG,F,4,4,6,3,30,42,41,0.05166,
572,E3.04,SG-F0404-64,SG,F,4,4,6,4,30,42,41,0.05166,
573,E2.21,SG-F0405-11,SG,F,4,5,1,1,30,42,41,0.05166,
574,E2.22,SG-F0405-12,SG,F,4,5,1,2,30,42,41,0.05166,
575,E2.23,SG-F0405-13,SG,F,4,5,1,3,30,42,41,0.05166,
576,E2.24,SG-F0405-14,SG,F,4,5,1,4,30,42,41,0.05166,
577,E2.17,SG-F0405-21,SG,F,4,5,2,1,30,42,41,0.05166,
578,E2.18,SG-F0405-22,SG,F,4,5,2,2,30,42,41,0.05166,
579,E2.19,SG-F0405-23,SG,F,4,5,2,3,30,42,41,0.05166,
580,E2.20,SG-F0405-24,SG,F,4,5,2,4,30,42,41,0.05166,
581,E2.13,SG-F0405-31,SG,F,4,5,3,1,30,42,41,0.05166,
582,E2.14,SG-F0405-32,SG,F,4,5,3,2,30,42,41,0.05166,
583,E2.15,SG-F0405-33,SG,F,4,5,3,3,30,42,41,0.05166,
584,E2.16,SG-F0405-34,SG,F,4,5,3,4,30,42,41,0.05166,
585,E2.09,SG-F0405-41,SG,F,4,5,4,1,30,42,41,0.05166,
586,E2.10,SG-F0405-42,SG,F,4,5,4,2,30,42,41,0.05166,
587,E2.11,SG-F0405-43,SG,F,4,5,4,3,30,42,41,0.05166,
588,E2.12,SG-F0405-44,SG,F,4,5,4,4,30,42,41,0.05166,
589,E2.05,SG-F0405-51,SG,F,4,5,5,1,30,42,41,0.05166,
590,E2.06,SG-F0405-52,SG,F,4,5,5,2,30,42,41,0.05166,
591,E2.07,SG-F0405-53,SG,F,4,5,5,3,30,42,41,0.05166,
592,E2.08,SG-F0405-54,SG,F,4,5,5,4,30,42,41,0.05166,
593,E2.01,SG-F0405-61,SG,F,4,5,6,1,30,42,41,0.05166,
594,E2.02,SG-F0405-62,SG,F,4,5,6,2,30,42,41,0.05166,
595,E2.03,SG-F0405-63,SG,F,4,5,6,3,30,42,41,0.05166,
596,E2.04,SG-F0405-64,SG,F,4,5,6,4,30,42,41,0.05166,
597,E1.21,SG-F0406-11,SG,F,4,6,1,1,30,42,41,0.05166,
598,E1.22,SG-F0406-12,SG,F,4,6,1,2,30,42,41,0.05166,
599,E1.23,SG-F0406-13,SG,F,4,6,1,3,30,42,41,0.05166,
600,E1.24,SG-F0406-14,SG,F,4,6,1,4,30,42,41,0.05166,
601,E1.17,SG-F0406-21,SG,F,4,6,2,1,30,42,41,0.05166,
602,E1.18,SG-F0406-22,SG,F,4,6,2,2,30,42,41,0.05166,
603,E1.19,SG-F0406-23,SG,F,4,6,2,3,30,42,41,0.05166,
604,E1.20,SG-F0406-24,SG,F,4,6,2,4,30,42,41,0.05166,
605,E1.13,SG-F0406-31,SG,F,4,6,3,1,30,42,41,0.05166,
606,E1.14,SG-F0406-32,SG,F,4,6,3,2,30,42,41,0.05166,
607,E1.15,SG-F0406-33,SG,F,4,6,3,3,30,42,41,0.05166,
608,E1.16,SG-F0406-34,SG,F,4,6,3,4,30,42,41,0.05166,
609,E1.09,SG-F0406-41,SG,F,4,6,4,1,30,42,41,0.05166,
610,E1.10,SG-F0406-42,SG,F,4,6,4,2,30,42,41,0.05166,
611,E1.11,SG-F0406-43,SG,F,4,6,4,3,30,42,41,0.05166,
612,E1.12,SG-F0406-44,SG,F,4,6,4,4,30,42,41,0.05166,
613,E1.05,SG-F0406-51,SG,F,4,6,5,1,30,42,41,0.05166,
614,E1.06,SG-F0406-52,SG,F,4,6,5,2,30,42,41,0.05166,
615,E1.07,SG-F0406-53,SG,F,4,6,5,3,30,42,41,0.05166,
616,E1.08,SG-F0406-54,SG,F,4,6,5,4,30,42,41,0.05166,
617,E1.01,SG-F0406-61,SG,F,4,6,6,1,30,42,41,0.05166,
618,E1.02,SG-F0406-62,SG,F,4,6,6,2,30,42,41,0.05166,
619,E1.03,SG-F0406-63,SG,F,4,6,6,3,30,42,41,0.05166,
620,E1.04,SG-F0406-64,SG,F,4,6,6,4,30,42,41,0.05166,
621,F6.20,SG-F0501-11,SG,F,5,1,1,1,30,45,40,0.054,
622,F6.19,SG-F0501-12,SG,F,5,1,1,2,30,45,40,0.054,
623,F6.18,SG-F0501-13,SG,F,5,1,1,3,30,45,40,0.054,
624,F6.17,SG-F0501-14,SG,F,5,1,1,4,30,45,40,0.054,
625,F6.16,SG-F0501-21,SG,F,5,1,2,1,30,45,40,0.054,
626,F6.15,SG-F0501-22,SG,F,5,1,2,2,30,45,40,0.054,
627,F6.14,SG-F0501-23,SG,F,5,1,2,3,30,45,40,0.054,
628,F6.13,SG-F0501-24,SG,F,5,1,2,4,30,45,40,0.054,
629,F6.12,SG-F0501-31,SG,F,5,1,3,1,30,45,40,0.054,
630,F6.11,SG-F0501-32,SG,F,5,1,3,2,30,45,40,0.054,
631,F6.10,SG-F0501-33,SG,F,5,1,3,3,30,45,40,0.054,
632,F6.09,SG-F0501-34,SG,F,5,1,3,4,30,45,40,0.054,
633,F6.08,SG-F0501-41,SG,F,5,1,4,1,30,45,40,0.054,
634,F6.07,SG-F0501-42,SG,F,5,1,4,2,30,45,40,0.054,
635,F6.06,SG-F0501-43,SG,F,5,1,4,3,30,45,40,0.054,
636,F6.05,SG-F0501-44,SG,F,5,1,4,4,30,45,40,0.054,
637,F6.04,SG-F0501-51,SG,F,5,1,5,1,30,45,40,0.054,
638,F6.03,SG-F0501-52,SG,F,5,1,5,2,30,45,40,0.054,
639,F6.02,SG-F0501-53,SG,F,5,1,5,3,30,45,40,0.054,
640,F6.01,SG-F0501-54,SG,F,5,1,5,4,30,45,40,0.054,
641,F5.24,SG-F0502-11,SG,F,5,2,1,1,30,42,41,0.05166,
642,F5.23,SG-F0502-12,SG,F,5,2,1,2,30,42,41,0.05166,
643,F5.22,SG-F0502-13,SG,F,5,2,1,3,30,42,41,0.05166,
644,F5.21,SG-F0502-14,SG,F,5,2,1,4,30,42,41,0.05166,
645,F5.20,SG-F0502-21,SG,F,5,2,2,1,30,42,41,0.05166,
646,F5.19,SG-F0502-22,SG,F,5,2,2,2,30,42,41,0.05166,
647,F5.18,SG-F0502-23,SG,F,5,2,2,3,30,42,41,0.05166,
648,F5.17,SG-F0502-24,SG,F,5,2,2,4,30,42,41,0.05166,
649,F5.16,SG-F0502-31,SG,F,5,2,3,1,30,42,41,0.05166,
650,F5.15,SG-F0502-32,SG,F,5,2,3,2,30,42,41,0.05166,
651,F5.14,SG-F0502-33,SG,F,5,2,3,3,30,42,41,0.05166,
652,F5.13,SG-F0502-34,SG,F,5,2,3,4,30,42,41,0.05166,
653,F5.12,SG-F0502-41,SG,F,5,2,4,1,30,42,41,0.05166,
654,F5.11,SG-F0502-42,SG,F,5,2,4,2,30,42,41,0.05166,
655,F5.10,SG-F0502-43,SG,F,5,2,4,3,30,42,41,0.05166,
656,F5.09,SG-F0502-44,SG,F,5,2,4,4,30,42,41,0.05166,
657,F5.08,SG-F0502-51,SG,F,5,2,5,1,30,42,41,0.05166,
658,F5.07,SG-F0502-52,SG,F,5,2,5,2,30,42,41,0.05166,
659,F5.06,SG-F0502-53,SG,F,5,2,5,3,30,42,41,0.05166,
660,F5.05,SG-F0502-54,SG,F,5,2,5,4,30,42,41,0.05166,
661,F5.04,SG-F0502-61,SG,F,5,2,6,1,30,42,41,0.05166,
662,F5.03,SG-F0502-62,SG,F,5,2,6,2,30,42,41,0.05166,
663,F5.02,SG-F0502-63,SG,F,5,2,6,3,30,42,41,0.05166,
664,F5.01,SG-F0502-64,SG,F,5,2,6,4,30,42,41,0.05166,
665,F4.24,SG-F0503-11,SG,F,5,3,1,1,30,42,41,0.05166,
666,F4.23,SG-F0503-12,SG,F,5,3,1,2,30,42,41,0.05166,
667,F4.22,SG-F0503-13,SG,F,5,3,1,3,30,42,41,0.05166,
668,F4.21,SG-F0503-14,SG,F,5,3,1,4,30,42,41,0.05166,
669,F4.20,SG-F0503-21,SG,F,5,3,2,1,30,42,41,0.05166,
670,F4.19,SG-F0503-22,SG,F,5,3,2,2,30,42,41,0.05166,
671,F4.18,SG-F0503-23,SG,F,5,3,2,3,30,42,41,0.05166,
672,F4.17,SG-F0503-24,SG,F,5,3,2,4,30,42,41,0.05166,
673,F4.16,SG-F0503-31,SG,F,5,3,3,1,30,42,41,0.05166,
674,F4.15,SG-F0503-32,SG,F,5,3,3,2,30,42,41,0.05166,
675,F4.14,SG-F0503-33,SG,F,5,3,3,3,30,42,41,0.05166,
676,F4.13,SG-F0503-34,SG,F,5,3,3,4,30,42,41,0.05166,
677,F4.12,SG-F0503-41,SG,F,5,3,4,1,30,42,41,0.05166,
678,F4.11,SG-F0503-42,SG,F,5,3,4,2,30,42,41,0.05166,
679,F4.10,SG-F0503-43,SG,F,5,3,4,3,30,42,41,0.05166,
680,F4.09,SG-F0503-44,SG,F,5,3,4,4,30,42,41,0.05166,
681,F4.08,SG-F0503-51,SG,F,5,3,5,1,30,42,41,0.05166,
682,F4.07,SG-F0503-52,SG,F,5,3,5,2,30,42,41,0.05166,
683,F4.06,SG-F0503-53,SG,F,5,3,5,3,30,42,41,0.05166,
684,F4.05,SG-F0503-54,SG,F,5,3,5,4,30,42,41,0.05166,
685,F4.04,SG-F0503-61,SG,F,5,3,6,1,30,42,41,0.05166,
686,F4.03,SG-F0503-62,SG,F,5,3,6,2,30,42,41,0.05166,
687,F4.02,SG-F0503-63,SG,F,5,3,6,3,30,42,41,0.05166,
688,F4.01,SG-F0503-64,SG,F,5,3,6,4,30,42,41,0.05166,
689,F3.24,SG-F0504-11,SG,F,5,4,1,1,30,42,41,0.05166,
690,F3.23,SG-F0504-12,SG,F,5,4,1,2,30,42,41,0.05166,
691,F3.22,SG-F0504-13,SG,F,5,4,1,3,30,42,41,0.05166,
692,F3.21,SG-F0504-14,SG,F,5,4,1,4,30,42,41,0.05166,
693,F3.20,SG-F0504-21,SG,F,5,4,2,1,30,42,41,0.05166,
694,F3.19,SG-F0504-22,SG,F,5,4,2,2,30,42,41,0.05166,
695,F3.18,SG-F0504-23,SG,F,5,4,2,3,30,42,41,0.05166,
696,F3.17,SG-F0504-24,SG,F,5,4,2,4,30,42,41,0.05166,
697,F3.16,SG-F0504-31,SG,F,5,4,3,1,30,42,41,0.05166,
698,F3.15,SG-F0504-32,SG,F,5,4,3,2,30,42,41,0.05166,
699,F3.14,SG-F0504-33,SG,F,5,4,3,3,30,42,41,0.05166,
700,F3.13,SG-F0504-34,SG,F,5,4,3,4,30,42,41,0.05166,
701,F3.12,SG-F0504-41,SG,F,5,4,4,1,30,42,41,0.05166,
702,F3.11,SG-F0504-42,SG,F,5,4,4,2,30,42,41,0.05166,
703,F3.10,SG-F0504-43,SG,F,5,4,4,3,30,42,41,0.05166,
704,F3.09,SG-F0504-44,SG,F,5,4,4,4,30,42,41,0.05166,
705,F3.08,SG-F0504-51,SG,F,5,4,5,1,30,42,41,0.05166,
706,F3.07,SG-F0504-52,SG,F,5,4,5,2,30,42,41,0.05166,
707,F3.06,SG-F0504-53,SG,F,5,4,5,3,30,42,41,0.05166,
708,F3.05,SG-F0504-54,SG,F,5,4,5,4,30,42,41,0.05166,
709,F3.04,SG-F0504-61,SG,F,5,4,6,1,30,42,41,0.05166,
710,F3.03,SG-F0504-62,SG,F,5,4,6,2,30,42,41,0.05166,
711,F3.02,SG-F0504-63,SG,F,5,4,6,3,30,42,41,0.05166,
712,F3.01,SG-F0504-64,SG,F,5,4,6,4,30,42,41,0.05166,
713,F2.24,SG-F0505-11,SG,F,5,5,1,1,30,42,41,0.05166,
714,F2.23,SG-F0505-12,SG,F,5,5,1,2,30,42,41,0.05166,
715,F2.22,SG-F0505-13,SG,F,5,5,1,3,30,42,41,0.05166,
716,F2.21,SG-F0505-14,SG,F,5,5,1,4,30,42,41,0.05166,
717,F2.20,SG-F0505-21,SG,F,5,5,2,1,30,42,41,0.05166,
718,F2.19,SG-F0505-22,SG,F,5,5,2,2,30,42,41,0.05166,
719,F2.18,SG-F0505-23,SG,F,5,5,2,3,30,42,41,0.05166,
720,F2.17,SG-F0505-24,SG,F,5,5,2,4,30,42,41,0.05166,
721,F2.16,SG-F0505-31,SG,F,5,5,3,1,30,42,41,0.05166,
722,F2.15,SG-F0505-32,SG,F,5,5,3,2,30,42,41,0.05166,
723,F2.14,SG-F0505-33,SG,F,5,5,3,3,30,42,41,0.05166,
724,F2.13,SG-F0505-34,SG,F,5,5,3,4,30,42,41,0.05166,
725,F2.12,SG-F0505-41,SG,F,5,5,4,1,30,42,41,0.05166,
726,F2.11,SG-F0505-42,SG,F,5,5,4,2,30,42,41,0.05166,
727,F2.10,SG-F0505-43,SG,F,5,5,4,3,30,42,41,0.05166,
728,F2.09,SG-F0505-44,SG,F,5,5,4,4,30,42,41,0.05166,
729,F2.08,SG-F0505-51,SG,F,5,5,5,1,30,42,41,0.05166,
730,F2.07,SG-F0505-52,SG,F,5,5,5,2,30,42,41,0.05166,
731,F2.06,SG-F0505-53,SG,F,5,5,5,3,30,42,41,0.05166,
732,F2.05,SG-F0505-54,SG,F,5,5,5,4,30,42,41,0.05166,
733,F2.04,SG-F0505-61,SG,F,5,5,6,1,30,42,41,0.05166,
734,F2.03,SG-F0505-62,SG,F,5,5,6,2,30,42,41,0.05166,
735,F2.02,SG-F0505-63,SG,F,5,5,6,3,30,42,41,0.05166,
736,F2.01,SG-F0505-64,SG,F,5,5,6,4,30,42,41,0.05166,
737,F1.24,SG-F0506-11,SG,F,5,6,1,1,30,42,41,0.05166,
738,F1.23,SG-F0506-12,SG,F,5,6,1,2,30,42,41,0.05166,
739,F1.22,SG-F0506-13,SG,F,5,6,1,3,30,42,41,0.05166,
740,F1.21,SG-F0506-14,SG,F,5,6,1,4,30,42,41,0.05166,
741,F1.20,SG-F0506-21,SG,F,5,6,2,1,30,42,41,0.05166,
742,F1.19,SG-F0506-22,SG,F,5,6,2,2,30,42,41,0.05166,
743,F1.18,SG-F0506-23,SG,F,5,6,2,3,30,42,41,0.05166,
744,F1.17,SG-F0506-24,SG,F,5,6,2,4,30,42,41,0.05166,
745,F1.16,SG-F0506-31,SG,F,5,6,3,1,30,42,41,0.05166,
746,F1.15,SG-F0506-32,SG,F,5,6,3,2,30,42,41,0.05166,
747,F1.14,SG-F0506-33,SG,F,5,6,3,3,30,42,41,0.05166,
748,F1.13,SG-F0506-34,SG,F,5,6,3,4,30,42,41,0.05166,
749,F1.12,SG-F0506-41,SG,F,5,6,4,1,30,42,41,0.05166,
750,F1.11,SG-F0506-42,SG,F,5,6,4,2,30,42,41,0.05166,
751,F1.10,SG-F0506-43,SG,F,5,6,4,3,30,42,41,0.05166,
752,F1.09,SG-F0506-44,SG,F,5,6,4,4,30,42,41,0.05166,
753,F1.08,SG-F0506-51,SG,F,5,6,5,1,30,42,41,0.05166,
754,F1.07,SG-F0506-52,SG,F,5,6,5,2,30,42,41,0.05166,
755,F1.06,SG-F0506-53,SG,F,5,6,5,3,30,42,41,0.05166,
756,F1.05,SG-F0506-54,SG,F,5,6,5,4,30,42,41,0.05166,
757,F1.04,SG-F0506-61,SG,F,5,6,6,1,30,42,41,0.05166,
758,F1.03,SG-F0506-62,SG,F,5,6,6,2,30,42,41,0.05166,
759,F1.02,SG-F0506-63,SG,F,5,6,6,3,30,42,41,0.05166,
760,F1.01,SG-F0506-64,SG,F,5,6,6,4,30,42,41,0.05166,
761,G6.21,SG-F0601-11,SG,F,6,1,1,1,30,42,41,0.05166,
762,G6.22,SG-F0601-12,SG,F,6,1,1,2,30,42,41,0.05166,
763,G6.23,SG-F0601-13,SG,F,6,1,1,3,30,42,41,0.05166,
764,G6.24,SG-F0601-14,SG,F,6,1,1,4,30,42,41,0.05166,
765,G6.17,SG-F0601-21,SG,F,6,1,2,1,30,42,41,0.05166,
766,G6.18,SG-F0601-22,SG,F,6,1,2,2,30,42,41,0.05166,
767,G6.19,SG-F0601-23,SG,F,6,1,2,3,30,42,41,0.05166,
768,G6.20,SG-F0601-24,SG,F,6,1,2,4,30,42,41,0.05166,
769,G6.13,SG-F0601-31,SG,F,6,1,3,1,30,42,41,0.05166,
770,G6.14,SG-F0601-32,SG,F,6,1,3,2,30,42,41,0.05166,
771,G6.15,SG-F0601-33,SG,F,6,1,3,3,30,42,41,0.05166,
772,G6.16,SG-F0601-34,SG,F,6,1,3,4,30,42,41,0.05166,
773,G6.09,SG-F0601-41,SG,F,6,1,4,1,30,42,41,0.05166,
774,G6.10,SG-F0601-42,SG,F,6,1,4,2,30,42,41,0.05166,
775,G6.11,SG-F0601-43,SG,F,6,1,4,3,30,42,41,0.05166,
776,G6.12,SG-F0601-44,SG,F,6,1,4,4,30,42,41,0.05166,
777,G6.05,SG-F0601-51,SG,F,6,1,5,1,30,42,41,0.05166,
778,G6.06,SG-F0601-52,SG,F,6,1,5,2,30,42,41,0.05166,
779,G6.07,SG-F0601-53,SG,F,6,1,5,3,30,42,41,0.05166,
780,G6.08,SG-F0601-54,SG,F,6,1,5,4,30,42,41,0.05166,
781,G6.01,SG-F0601-61,SG,F,6,1,6,1,30,42,41,0.05166,
782,G6.02,SG-F0601-62,SG,F,6,1,6,2,30,42,41,0.05166,
783,G6.03,SG-F0601-63,SG,F,6,1,6,3,30,42,41,0.05166,
784,G6.04,SG-F0601-64,SG,F,6,1,6,4,30,42,41,0.05166,
785,G5.21,SG-F0602-11,SG,F,6,2,1,1,30,42,41,0.05166,
786,G5.22,SG-F0602-12,SG,F,6,2,1,2,30,42,41,0.05166,
787,G5.23,SG-F0602-13,SG,F,6,2,1,3,30,42,41,0.05166,
788,G5.24,SG-F0602-14,SG,F,6,2,1,4,30,42,41,0.05166,
789,G5.17,SG-F0602-21,SG,F,6,2,2,1,30,42,41,0.05166,
790,G5.18,SG-F0602-22,SG,F,6,2,2,2,30,42,41,0.05166,
791,G5.19,SG-F0602-23,SG,F,6,2,2,3,30,42,41,0.05166,
792,G5.20,SG-F0602-24,SG,F,6,2,2,4,30,42,41,0.05166,
793,G5.13,SG-F0602-31,SG,F,6,2,3,1,30,42,41,0.05166,
794,G5.14,SG-F0602-32,SG,F,6,2,3,2,30,42,41,0.05166,
795,G5.15,SG-F0602-33,SG,F,6,2,3,3,30,42,41,0.05166,
796,G5.16,SG-F0602-34,SG,F,6,2,3,4,30,42,41,0.05166,
797,G5.09,SG-F0602-41,SG,F,6,2,4,1,30,42,41,0.05166,
798,G5.10,SG-F0602-42,SG,F,6,2,4,2,30,42,41,0.05166,
799,G5.11,SG-F0602-43,SG,F,6,2,4,3,30,42,41,0.05166,
800,G5.12,SG-F0602-44,SG,F,6,2,4,4,30,42,41,0.05166,
801,G5.05,SG-F0602-51,SG,F,6,2,5,1,30,42,41,0.05166,
802,G5.06,SG-F0602-52,SG,F,6,2,5,2,30,42,41,0.05166,
803,G5.07,SG-F0602-53,SG,F,6,2,5,3,30,42,41,0.05166,
804,G5.08,SG-F0602-54,SG,F,6,2,5,4,30,42,41,0.05166,
805,G5.01,SG-F0602-61,SG,F,6,2,6,1,30,42,41,0.05166,
806,G5.02,SG-F0602-62,SG,F,6,2,6,2,30,42,41,0.05166,
807,G5.03,SG-F0602-63,SG,F,6,2,6,3,30,42,41,0.05166,
808,G5.04,SG-F0602-64,SG,F,6,2,6,4,30,42,41,0.05166,
809,G4.21,SG-F0603-11,SG,F,6,3,1,1,30,42,41,0.05166,
810,G4.22,SG-F0603-12,SG,F,6,3,1,2,30,42,41,0.05166,
811,G4.23,SG-F0603-13,SG,F,6,3,1,3,30,42,41,0.05166,
812,G4.24,SG-F0603-14,SG,F,6,3,1,4,30,42,41,0.05166,
813,G4.17,SG-F0603-21,SG,F,6,3,2,1,30,42,41,0.05166,
814,G4.18,SG-F0603-22,SG,F,6,3,2,2,30,42,41,0.05166,
815,G4.19,SG-F0603-23,SG,F,6,3,2,3,30,42,41,0.05166,
816,G4.20,SG-F0603-24,SG,F,6,3,2,4,30,42,41,0.05166,
817,G4.13,SG-F0603-31,SG,F,6,3,3,1,30,42,41,0.05166,
818,G4.14,SG-F0603-32,SG,F,6,3,3,2,30,42,41,0.05166,
819,G4.15,SG-F0603-33,SG,F,6,3,3,3,30,42,41,0.05166,
820,G4.16,SG-F0603-34,SG,F,6,3,3,4,30,42,41,0.05166,
821,G4.09,SG-F0603-41,SG,F,6,3,4,1,30,42,41,0.05166,
822,G4.10,SG-F0603-42,SG,F,6,3,4,2,30,42,41,0.05166,
823,G4.11,SG-F0603-43,SG,F,6,3,4,3,30,42,41,0.05166,
824,G4.12,SG-F0603-44,SG,F,6,3,4,4,30,42,41,0.05166,
825,G4.05,SG-F0603-51,SG,F,6,3,5,1,30,42,41,0.05166,
826,G4.06,SG-F0603-52,SG,F,6,3,5,2,30,42,41,0.05166,
827,G4.07,SG-F0603-53,SG,F,6,3,5,3,30,42,41,0.05166,
828,G4.08,SG-F0603-54,SG,F,6,3,5,4,30,42,41,0.05166,
829,G4.01,SG-F0603-61,SG,F,6,3,6,1,30,42,41,0.05166,
830,G4.02,SG-F0603-62,SG,F,6,3,6,2,30,42,41,0.05166,
831,G4.03,SG-F0603-63,SG,F,6,3,6,3,30,42,41,0.05166,
832,G4.04,SG-F0603-64,SG,F,6,3,6,4,30,42,41,0.05166,
833,G3.21,SG-F0604-11,SG,F,6,4,1,1,30,42,41,0.05166,
834,G3.22,SG-F0604-12,SG,F,6,4,1,2,30,42,41,0.05166,
835,G3.23,SG-F0604-13,SG,F,6,4,1,3,30,42,41,0.05166,
836,G3.24,SG-F0604-14,SG,F,6,4,1,4,30,42,41,0.05166,
837,G3.17,SG-F0604-21,SG,F,6,4,2,1,30,42,41,0.05166,
838,G3.18,SG-F0604-22,SG,F,6,4,2,2,30,42,41,0.05166,
839,G3.19,SG-F0604-23,SG,F,6,4,2,3,30,42,41,0.05166,
840,G3.20,SG-F0604-24,SG,F,6,4,2,4,30,42,41,0.05166,
841,G3.13,SG-F0604-31,SG,F,6,4,3,1,30,42,41,0.05166,
842,G3.14,SG-F0604-32,SG,F,6,4,3,2,30,42,41,0.05166,
843,G3.15,SG-F0604-33,SG,F,6,4,3,3,30,42,41,0.05166,
844,G3.16,SG-F0604-34,SG,F,6,4,3,4,30,42,41,0.05166,
845,G3.09,SG-F0604-41,SG,F,6,4,4,1,30,42,41,0.05166,
846,G3.10,SG-F0604-42,SG,F,6,4,4,2,30,42,41,0.05166,
847,G3.11,SG-F0604-43,SG,F,6,4,4,3,30,42,41,0.05166,
848,G3.12,SG-F0604-44,SG,F,6,4,4,4,30,42,41,0.05166,
849,G3.05,SG-F0604-51,SG,F,6,4,5,1,30,42,41,0.05166,
850,G3.06,SG-F0604-52,SG,F,6,4,5,2,30,42,41,0.05166,
851,G3.07,SG-F0604-53,SG,F,6,4,5,3,30,42,41,0.05166,
852,G3.08,SG-F0604-54,SG,F,6,4,5,4,30,42,41,0.05166,
853,G3.01,SG-F0604-61,SG,F,6,4,6,1,30,42,41,0.05166,
854,G3.02,SG-F0604-62,SG,F,6,4,6,2,30,42,41,0.05166,
855,G3.03,SG-F0604-63,SG,F,6,4,6,3,30,42,41,0.05166,
856,G3.04,SG-F0604-64,SG,F,6,4,6,4,30,42,41,0.05166,
857,G2.21,SG-F0605-11,SG,F,6,5,1,1,30,42,41,0.05166,
858,G2.22,SG-F0605-12,SG,F,6,5,1,2,30,42,41,0.05166,
859,G2.23,SG-F0605-13,SG,F,6,5,1,3,30,42,41,0.05166,
860,G2.24,SG-F0605-14,SG,F,6,5,1,4,30,42,41,0.05166,
861,G2.17,SG-F0605-21,SG,F,6,5,2,1,30,42,41,0.05166,
862,G2.18,SG-F0605-22,SG,F,6,5,2,2,30,42,41,0.05166,
863,G2.19,SG-F0605-23,SG,F,6,5,2,3,30,42,41,0.05166,
864,G2.20,SG-F0605-24,SG,F,6,5,2,4,30,42,41,0.05166,
865,G2.13,SG-F0605-31,SG,F,6,5,3,1,30,42,41,0.05166,
866,G2.14,SG-F0605-32,SG,F,6,5,3,2,30,42,41,0.05166,
867,G2.15,SG-F0605-33,SG,F,6,5,3,3,30,42,41,0.05166,
868,G2.16,SG-F0605-34,SG,F,6,5,3,4,30,42,41,0.05166,
869,G2.09,SG-F0605-41,SG,F,6,5,4,1,30,42,41,0.05166,
870,G2.10,SG-F0605-42,SG,F,6,5,4,2,30,42,41,0.05166,
871,G2.11,SG-F0605-43,SG,F,6,5,4,3,30,42,41,0.05166,
872,G2.12,SG-F0605-44,SG,F,6,5,4,4,30,42,41,0.05166,
873,G2.05,SG-F0605-51,SG,F,6,5,5,1,30,42,41,0.05166,
874,G2.06,SG-F0605-52,SG,F,6,5,5,2,30,42,41,0.05166,
875,G2.07,SG-F0605-53,SG,F,6,5,5,3,30,42,41,0.05166,
876,G2.08,SG-F0605-54,SG,F,6,5,5,4,30,42,41,0.05166,
877,G2.01,SG-F0605-61,SG,F,6,5,6,1,30,42,41,0.05166,
878,G2.02,SG-F0605-62,SG,F,6,5,6,2,30,42,41,0.05166,
879,G2.03,SG-F0605-63,SG,F,6,5,6,3,30,42,41,0.05166,
880,G2.04,SG-F0605-64,SG,F,6,5,6,4,30,42,41,0.05166,
881,G1.21,SG-F0606-11,SG,F,6,6,1,1,30,42,41,0.05166,
882,G1.22,SG-F0606-12,SG,F,6,6,1,2,30,42,41,0.05166,
883,G1.23,SG-F0606-13,SG,F,6,6,1,3,30,42,41,0.05166,
884,G1.24,SG-F0606-14,SG,F,6,6,1,4,30,42,41,0.05166,
885,G1.17,SG-F0606-21,SG,F,6,6,2,1,30,42,41,0.05166,
886,G1.18,SG-F0606-22,SG,F,6,6,2,2,30,42,41,0.05166,
887,G1.19,SG-F0606-23,SG,F,6,6,2,3,30,42,41,0.05166,
888,G1.20,SG-F0606-24,SG,F,6,6,2,4,30,42,41,0.05166,
889,G1.13,SG-F0606-31,SG,F,6,6,3,1,30,42,41,0.05166,
890,G1.14,SG-F0606-32,SG,F,6,6,3,2,30,42,41,0.05166,
891,G1.15,SG-F0606-33,SG,F,6,6,3,3,30,42,41,0.05166,
892,G1.16,SG-F0606-34,SG,F,6,6,3,4,30,42,41,0.05166,
893,G1.09,SG-F0606-41,SG,F,6,6,4,1,30,42,41,0.05166,
894,G1.10,SG-F0606-42,SG,F,6,6,4,2,30,42,41,0.05166,
895,G1.11,SG-F0606-43,SG,F,6,6,4,3,30,42,41,0.05166,
896,G1.12,SG-F0606-44,SG,F,6,6,4,4,30,42,41,0.05166,
897,G1.05,SG-F0606-51,SG,F,6,6,5,1,30,42,41,0.05166,
898,G1.06,SG-F0606-52,SG,F,6,6,5,2,30,42,41,0.05166,
899,G1.07,SG-F0606-53,SG,F,6,6,5,3,30,42,41,0.05166,
900,G1.08,SG-F0606-54,SG,F,6,6,5,4,30,42,41,0.05166,
901,G1.01,SG-F0606-61,SG,F,6,6,6,1,30,42,41,0.05166,
902,G1.02,SG-F0606-62,SG,F,6,6,6,2,30,42,41,0.05166,
903,G1.03,SG-F0606-63,SG,F,6,6,6,3,30,42,41,0.05166,
904,G1.04,SG-F0606-64,SG,F,6,6,6,4,30,42,41,0.05166,
905,PL1,SG-M0101-11,SG,M,1,1,1,1,110,110,150,1.815,
906,PL1,SG-M0102-11,SG,M,1,2,1,1,110,110,150,1.815,
907,PL1,SG-M0103-11,SG,M,1,3,1,1,110,110,150,1.815,
908,PL1,SG-M0104-11,SG,M,1,4,1,1,110,110,150,1.815,
909,PL1,SG-M0105-11,SG,M,1,5,1,1,110,110,150,1.815,
910,PL1,SG-M0106-11,SG,M,1,6,1,1,110,110,150,1.815,
911,PL1,SG-M0107-11,SG,M,1,7,1,1,110,110,150,1.815,
912,PL1,SG-M0108-11,SG,M,1,8,1,1,110,110,150,1.815,
913,PL1,SG-M0109-11,SG,M,1,9,1,1,110,110,150,1.815,
914,PL1,SG-M0110-11,SG,M,1,10,1,1,110,110,150,1.815,
915,PL2,SG-M0201-11,SG,M,2,1,1,1,110,110,150,1.815,
916,PL2,SG-M0202-11,SG,M,2,2,1,1,110,110,150,1.815,
917,PL2,SG-M0203-11,SG,M,2,3,1,1,110,110,150,1.815,
918,PL2,SG-M0204-11,SG,M,2,4,1,1,110,110,150,1.815,
919,PL2,SG-M0205-11,SG,M,2,5,1,1,110,110,150,1.815,
920,PL2,SG-M0206-11,SG,M,2,6,1,1,110,110,150,1.815,
921,PL2,SG-M0207-11,SG,M,2,7,1,1,110,110,150,1.815,
922,PL2,SG-M0208-11,SG,M,2,8,1,1,110,110,150,1.815,
923,PL2,SG-M0209-11,SG,M,2,9,1,1,110,110,150,1.815,
924,PL2,SG-M0210-11,SG,M,2,10,1,1,110,110,150,1.815,
925,PL3,SG-M0301-11,SG,M,3,1,1,1,110,110,150,1.815,
926,PL3,SG-M0302-11,SG,M,3,2,1,1,110,110,150,1.815,
927,PL3,SG-M0303-11,SG,M,3,3,1,1,110,110,150,1.815,
928,PL3,SG-M0304-11,SG,M,3,4,1,1,110,110,150,1.815,
929,PL3,SG-M0305-11,SG,M,3,5,1,1,110,110,150,1.815,
930,PL3,SG-M0306-11,SG,M,3,6,1,1,110,110,150,1.815,
931,PL3,SG-M0307-11,SG,M,3,7,1,1,110,110,150,1.815,
932,PL3,SG-M0308-11,SG,M,3,8,1,1,110,110,150,1.815,
933,PL3,SG-M0309-11,SG,M,3,9,1,1,110,110,150,1.815,
934,PL3,SG-M0310-11,SG,M,3,10,1,1,110,110,150,1.815,
935,PL4,SG-M0401-11,SG,M,4,1,1,1,110,110,150,1.815,
936,PL4,SG-M0402-11,SG,M,4,2,1,1,110,110,150,1.815,
937,PL4,SG-M0403-11,SG,M,4,3,1,1,110,110,150,1.815,
938,PL4,SG-M0404-11,SG,M,4,4,1,1,110,110,150,1.815,
939,PL4,SG-M0405-11,SG,M,4,5,1,1,110,110,150,1.815,
940,PL4,SG-M0406-11,SG,M,4,6,1,1,110,110,150,1.815,
941,PL4,SG-M0407-11,SG,M,4,7,1,1,110,110,150,1.815,
942,PL4,SG-M0408-11,SG,M,4,8,1,1,110,110,150,1.815,
943,PL4,SG-M0409-11,SG,M,4,9,1,1,110,110,150,1.815,
944,PL4,SG-M0410-11,SG,M,4,10,1,1,110,110,150,1.815,
945,PL5,SG-M0501-11,SG,M,5,1,1,1,110,110,150,1.815,
946,PL5,SG-M0502-11,SG,M,5,2,1,1,110,110,150,1.815,
947,PL5,SG-M0503-11,SG,M,5,3,1,1,110,110,150,1.815,
948,PL5,SG-M0504-11,SG,M,5,4,1,1,110,110,150,1.815,
949,PL5,SG-M0505-11,SG,M,5,5,1,1,110,110,150,1.815,
950,PL5,SG-M0506-11,SG,M,5,6,1,1,110,110,150,1.815,
951,PL5,SG-M0507-11,SG,M,5,7,1,1,110,110,150,1.815,
952,PL5,SG-M0508-11,SG,M,5,8,1,1,110,110,150,1.815,
953,PL5,SG-M0509-11,SG,M,5,9,1,1,110,110,150,1.815,
954,PL5,SG-M0510-11,SG,M,5,10,1,1,110,110,150,1.815,
955,PL6,SG-M0601-11,SG,M,6,1,1,1,110,110,150,1.815,
956,PL6,SG-M0602-11,SG,M,6,2,1,1,110,110,150,1.815,
957,PL6,SG-M0603-11,SG,M,6,3,1,1,110,110,150,1.815,
958,PL6,SG-M0604-11,SG,M,6,4,1,1,110,110,150,1.815,
959,PL6,SG-M0605-11,SG,M,6,5,1,1,110,110,150,1.815,
960,PL6,SG-M0606-11,SG,M,6,6,1,1,110,110,150,1.815,
961,PL6,SG-M0607-11,SG,M,6,7,1,1,110,110,150,1.815,
962,PL6,SG-M0608-11,SG,M,6,8,1,1,110,110,150,1.815,
963,PL6,SG-M0609-11,SG,M,6,9,1,1,110,110,150,1.815,
964,PL6,SG-M0610-11,SG,M,6,10,1,1,110,110,150,1.815,
965,PL7,SG-M0701-11,SG,M,7,1,1,1,110,110,150,1.815,
966,PL7,SG-M0702-11,SG,M,7,2,1,1,110,110,150,1.815,
967,PL7,SG-M0703-11,SG,M,7,3,1,1,110,110,150,1.815,
968,PL7,SG-M0704-11,SG,M,7,4,1,1,110,110,150,1.815,
969,PL7,SG-M0705-11,SG,M,7,5,1,1,110,110,150,1.815,
970,PL7,SG-M0706-11,SG,M,7,6,1,1,110,110,150,1.815,
971,PL7,SG-M0707-11,SG,M,7,7,1,1,110,110,150,1.815,
972,PL7,SG-M0708-11,SG,M,7,8,1,1,110,110,150,1.815,
973,PL7,SG-M0709-11,SG,M,7,9,1,1,110,110,150,1.815,
974,PL7,SG-M0710-11,SG,M,7,10,1,1,110,110,150,1.815,
975,PL8,SG-M0801-11,SG,M,8,1,1,1,110,110,150,1.815,
976,PL8,SG-M0802-11,SG,M,8,2,1,1,110,110,150,1.815,
977,PL8,SG-M0803-11,SG,M,8,3,1,1,110,110,150,1.815,
978,PL8,SG-M0804-11,SG,M,8,4,1,1,110,110,150,1.815,
979,PL8,SG-M0805-11,SG,M,8,5,1,1,110,110,150,1.815,
980,PL8,SG-M0806-11,SG,M,8,6,1,1,110,110,150,1.815,
981,PL8,SG-M0807-11,SG,M,8,7,1,1,110,110,150,1.815,
982,PL8,SG-M0808-11,SG,M,8,8,1,1,110,110,150,1.815,
983,PL8,SG-M0809-11,SG,M,8,9,1,1,110,110,150,1.815,
984,PL8,SG-M0810-11,SG,M,8,10,1,1,110,110,150,1.815,
985,PL9,SG-M0901-11,SG,M,9,1,1,1,110,110,150,1.815,
986,PL9,SG-M0902-11,SG,M,9,2,1,1,110,110,150,1.815,
987,PL9,SG-M0903-11,SG,M,9,3,1,1,110,110,150,1.815,
988,PL9,SG-M0904-11,SG,M,9,4,1,1,110,110,150,1.815,
989,PL9,SG-M0905-11,SG,M,9,5,1,1,110,110,150,1.815,
990,PL9,SG-M0906-11,SG,M,9,6,1,1,110,110,150,1.815,
991,PL9,SG-M0907-11,SG,M,9,7,1,1,110,110,150,1.815,
992,PL9,SG-M0908-11,SG,M,9,8,1,1,110,110,150,1.815,
993,PL9,SG-M0909-11,SG,M,9,9,1,1,110,110,150,1.815,
994,PL9,SG-M0910-11,SG,M,9,10,1,1,110,110,150,1.815,
995,PL10,SG-M1001-11,SG,M,10,1,1,1,110,110,150,1.815,
996,PL10,SG-M1002-11,SG,M,10,2,1,1,110,110,150,1.815,
997,PL10,SG-M1003-11,SG,M,10,3,1,1,110,110,150,1.815,
998,PL10,SG-M1004-11,SG,M,10,4,1,1,110,110,150,1.815,
999,PL10,SG-M1005-11,SG,M,10,5,1,1,110,110,150,1.815,
1000,PL10,SG-M1006-11,SG,M,10,6,1,1,110,110,150,1.815,
1001,PL10,SG-M1007-11,SG,M,10,7,1,1,110,110,150,1.815,
1002,PL10,SG-M1008-11,SG,M,10,8,1,1,110,110,150,1.815,
1003,PL10,SG-M1009-11,SG,M,10,9,1,1,110,110,150,1.815,
1004,PL10,SG-M1010-11,SG,M,10,10,1,1,110,110,150,1.815,
1005,PL11,SG-M1101-11,SG,M,11,1,1,1,110,110,150,1.815,
1006,PL11,SG-M1102-11,SG,M,11,2,1,1,110,110,150,1.815,
1007,PL11,SG-M1103-11,SG,M,11,3,1,1,110,110,150,1.815,
1008,PL11,SG-M1104-11,SG,M,11,4,1,1,110,110,150,1.815,
1009,PL11,SG-M1105-11,SG,M,11,5,1,1,110,110,150,1.815,
1010,PL11,SG-M1106-11,SG,M,11,6,1,1,110,110,150,1.815,
1011,PL11,SG-M1107-11,SG,M,11,7,1,1,110,110,150,1.815,
1012,PL11,SG-M1108-11,SG,M,11,8,1,1,110,110,150,1.815,
1013,PL11,SG-M1109-11,SG,M,11,9,1,1,110,110,150,1.815,
1014,PL11,SG-M1110-11,SG,M,11,10,1,1,110,110,150,1.815,
1015,PL12,SG-M1201-11,SG,M,12,1,1,1,110,110,150,1.815,
1016,PL12,SG-M1202-11,SG,M,12,2,1,1,110,110,150,1.815,
1017,PL12,SG-M1203-11,SG,M,12,3,1,1,110,110,150,1.815,
1018,PL12,SG-M1204-11,SG,M,12,4,1,1,110,110,150,1.815,
1019,PL12,SG-M1205-11,SG,M,12,5,1,1,110,110,150,1.815,
1020,PL12,SG-M1206-11,SG,M,12,6,1,1,110,110,150,1.815,
1021,PL12,SG-M1207-11,SG,M,12,7,1,1,110,110,150,1.815,
1022,PL12,SG-M1208-11,SG,M,12,8,1,1,110,110,150,1.815,
1023,PL12,SG-M1209-11,SG,M,12,9,1,1,110,110,150,1.815,
1024,PL12,SG-M1210-11,SG,M,12,10,1,1,110,110,150,1.815,
1025,PL13,SG-M1301-11,SG,M,13,1,1,1,110,110,150,1.815,
1026,PL13,SG-M1302-11,SG,M,13,2,1,1,110,110,150,1.815,
1027,PL13,SG-M1303-11,SG,M,13,3,1,1,110,110,150,1.815,
1028,PL13,SG-M1304-11,SG,M,13,4,1,1,110,110,150,1.815,
1029,PL13,SG-M1305-11,SG,M,13,5,1,1,110,110,150,1.815,
1030,PL13,SG-M1306-11,SG,M,13,6,1,1,110,110,150,1.815,
1031,PL13,SG-M1307-11,SG,M,13,7,1,1,110,110,150,1.815,
1032,PL13,SG-M1308-11,SG,M,13,8,1,1,110,110,150,1.815,
1033,PL13,SG-M1309-11,SG,M,13,9,1,1,110,110,150,1.815,
1034,PL13,SG-M1310-11,SG,M,13,10,1,1,110,110,150,1.815,
1035,PL14,SG-M1401-11,SG,M,14,1,1,1,110,110,150,1.815,
1036,PL14,SG-M1402-11,SG,M,14,2,1,1,110,110,150,1.815,
1037,PL14,SG-M1403-11,SG,M,14,3,1,1,110,110,150,1.815,
1038,PL14,SG-M1404-11,SG,M,14,4,1,1,110,110,150,1.815,
1039,PL14,SG-M1405-11,SG,M,14,5,1,1,110,110,150,1.815,
1040,PL14,SG-M1406-11,SG,M,14,6,1,1,110,110,150,1.815,
1041,PL14,SG-M1407-11,SG,M,14,7,1,1,110,110,150,1.815,
1042,PL14,SG-M1408-11,SG,M,14,8,1,1,110,110,150,1.815,
1043,PL14,SG-M1409-11,SG,M,14,9,1,1,110,110,150,1.815,
1044,PL14,SG-M1410-11,SG,M,14,10,1,1,110,110,150,1.815,
1045,PL15,SG-M1501-11,SG,M,15,1,1,1,110,110,150,1.815,
1046,PL15,SG-M1502-11,SG,M,15,2,1,1,110,110,150,1.815,
1047,PL15,SG-M1503-11,SG,M,15,3,1,1,110,110,150,1.815,
1048,PL15,SG-M1504-11,SG,M,15,4,1,1,110,110,150,1.815,
1049,PL15,SG-M1505-11,SG,M,15,5,1,1,110,110,150,1.815,
1050,PL15,SG-M1506-11,SG,M,15,6,1,1,110,110,150,1.815,
1051,PL15,SG-M1507-11,SG,M,15,7,1,1,110,110,150,1.815,
1052,PL15,SG-M1508-11,SG,M,15,8,1,1,110,110,150,1.815,
1053,PL15,SG-M1509-11,SG,M,15,9,1,1,110,110,150,1.815,
1054,PL15,SG-M1510-11,SG,M,15,10,1,1,110,110,150,1.815,
1055,PL16,SG-M1601-11,SG,M,16,1,1,1,110,110,150,1.815,
1056,PL16,SG-M1602-11,SG,M,16,2,1,1,110,110,150,1.815,
1057,PL16,SG-M1603-11,SG,M,16,3,1,1,110,110,150,1.815,
1058,PL16,SG-M1604-11,SG,M,16,4,1,1,110,110,150,1.815,
1059,PL16,SG-M1605-11,SG,M,16,5,1,1,110,110,150,1.815,
1060,PL16,SG-M1606-11,SG,M,16,6,1,1,110,110,150,1.815,
1061,PL16,SG-M1607-11,SG,M,16,7,1,1,110,110,150,1.815,
1062,PL16,SG-M1608-11,SG,M,16,8,1,1,110,110,150,1.815,
1063,PL16,SG-M1609-11,SG,M,16,9,1,1,110,110,150,1.815,
1064,PL16,SG-M1610-11,SG,M,16,10,1,1,110,110,150,1.815,
1065,PL18,SG-M1701-11,SG,M,17,1,1,1,110,110,150,1.815,
1066,PL18,SG-M1702-11,SG,M,17,2,1,1,110,110,150,1.815,
1067,PL18,SG-M1703-11,SG,M,17,3,1,1,110,110,150,1.815,
1068,PL18,SG-M1704-11,SG,M,17,4,1,1,110,110,150,1.815,
1069,PL18,SG-M1705-11,SG,M,17,5,1,1,110,110,150,1.815,
1070,PL18,SG-M1706-11,SG,M,17,6,1,1,110,110,150,1.815,
1071,PL18,SG-M1707-11,SG,M,17,7,1,1,110,110,150,1.815,
1072,PL18,SG-M1708-11,SG,M,17,8,1,1,110,110,150,1.815,
1073,PL18,SG-M1709-11,SG,M,17,9,1,1,110,110,150,1.815,
1074,PL18,SG-M1710-11,SG,M,17,10,1,1,110,110,150,1.815,
1075,PL19,SG-M1801-11,SG,M,18,1,1,1,110,110,150,1.815,
1076,PL19,SG-M1802-11,SG,M,18,2,1,1,110,110,150,1.815,
1077,PL19,SG-M1803-11,SG,M,18,3,1,1,110,110,150,1.815,
1078,PL19,SG-M1804-11,SG,M,18,4,1,1,110,110,150,1.815,
1079,PL19,SG-M1805-11,SG,M,18,5,1,1,110,110,150,1.815,
1080,PL19,SG-M1806-11,SG,M,18,6,1,1,110,110,150,1.815,
1081,PL19,SG-M1807-11,SG,M,18,7,1,1,110,110,150,1.815,
1082,PL19,SG-M1808-11,SG,M,18,8,1,1,110,110,150,1.815,
1083,PL19,SG-M1809-11,SG,M,18,9,1,1,110,110,150,1.815,
1084,PL19,SG-M1810-11,SG,M,18,10,1,1,110,110,150,1.815,
1085,PL20,SG-M1901-11,SG,M,19,1,1,1,110,110,150,1.815,
1086,PL20,SG-M1902-11,SG,M,19,2,1,1,110,110,150,1.815,
1087,PL20,SG-M1903-11,SG,M,19,3,1,1,110,110,150,1.815,
1088,PL20,SG-M1904-11,SG,M,19,4,1,1,110,110,150,1.815,
1089,PL20,SG-M1905-11,SG,M,19,5,1,1,110,110,150,1.815,
1090,PL20,SG-M1906-11,SG,M,19,6,1,1,110,110,150,1.815,
1091,PL20,SG-M1907-11,SG,M,19,7,1,1,110,110,150,1.815,
1092,PL20,SG-M1908-11,SG,M,19,8,1,1,110,110,150,1.815,
1093,PL20,SG-M1909-11,SG,M,19,9,1,1,110,110,150,1.815,
1094,PL20,SG-M1910-11,SG,M,19,10,1,1,110,110,150,1.815,
1095,PL20,SG-M2001-11,SG,M,20,1,1,1,110,110,150,1.815,
1096,PL20,SG-M2002-11,SG,M,20,2,1,1,110,110,150,1.815,
1097,PL20,SG-M2003-11,SG,M,20,3,1,1,110,110,150,1.815,
1098,PL20,SG-M2004-11,SG,M,20,4,1,1,110,110,150,1.815,
1099,PL20,SG-M2005-11,SG,M,20,5,1,1,110,110,150,1.815,
1100,PL20,SG-M2006-11,SG,M,20,6,1,1,110,110,150,1.815,
1101,PL20,SG-M2007-11,SG,M,20,7,1,1,110,110,150,1.815,
1102,PL20,SG-M2008-11,SG,M,20,8,1,1,110,110,150,1.815,
1103,PL20,SG-M2009-11,SG,M,20,9,1,1,110,110,150,1.815,
1104,PL20,SG-M2010-11,SG,M,20,10,1,1,110,110,150,1.815,
1105,PL21,SG-M2101-11,SG,M,21,1,1,1,110,110,150,1.815,
1106,PL21,SG-M2102-11,SG,M,21,2,1,1,110,110,150,1.815,
1107,PL21,SG-M2103-11,SG,M,21,3,1,1,110,110,150,1.815,
1108,PL21,SG-M2104-11,SG,M,21,4,1,1,110,110,150,1.815,
1109,PL21,SG-M2105-11,SG,M,21,5,1,1,110,110,150,1.815,
1110,PL21,SG-M2106-11,SG,M,21,6,1,1,110,110,150,1.815,
1111,PL21,SG-M2107-11,SG,M,21,7,1,1,110,110,150,1.815,
1112,PL21,SG-M2108-11,SG,M,21,8,1,1,110,110,150,1.815,
1113,PL21,SG-M2109-11,SG,M,21,9,1,1,110,110,150,1.815,
1114,PL21,SG-M2110-11,SG,M,21,10,1,1,110,110,150,1.815,
1115,PL22,SG-M2201-11,SG,M,22,1,1,1,110,110,150,1.815,
1116,PL22,SG-M2202-11,SG,M,22,2,1,1,110,110,150,1.815,
1117,PL22,SG-M2203-11,SG,M,22,3,1,1,110,110,150,1.815,
1118,PL22,SG-M2204-11,SG,M,22,4,1,1,110,110,150,1.815,
1119,PL22,SG-M2205-11,SG,M,22,5,1,1,110,110,150,1.815,
1120,PL22,SG-M2206-11,SG,M,22,6,1,1,110,110,150,1.815,
1121,PL22,SG-M2207-11,SG,M,22,7,1,1,110,110,150,1.815,
1122,PL22,SG-M2208-11,SG,M,22,8,1,1,110,110,150,1.815,
1123,PL22,SG-M2209-11,SG,M,22,9,1,1,110,110,150,1.815,
1124,PL22,SG-M2210-11,SG,M,22,10,1,1,110,110,150,1.815,440.43648
1125,PL23,SG-M2301-11,SG,M,23,1,1,1,110,110,150,1.815,
1126,PL23,SG-M2302-11,SG,M,23,2,1,1,110,110,150,1.815,
1127,PL23,SG-M2303-11,SG,M,23,3,1,1,110,110,150,1.815,
1128,PL23,SG-M2304-11,SG,M,23,4,1,1,110,110,150,1.815,
1129,PL23,SG-M2305-11,SG,M,23,5,1,1,110,110,150,1.815,
1130,PL23,SG-M2306-11,SG,M,23,6,1,1,110,110,150,1.815,
1131,PL23,SG-M2307-11,SG,M,23,7,1,1,110,110,150,1.815,
1132,PL23,SG-M2308-11,SG,M,23,8,1,1,110,110,150,1.815,
1133,PL23,SG-M2309-11,SG,M,23,9,1,1,110,110,150,1.815,
1134,PL23,SG-M2310-11,SG,M,23,10,1,1,110,110,150,1.815,
1135,PL24,SG-M2401-11,SG,M,24,1,1,1,110,110,150,1.815,
1136,PL24,SG-M2402-11,SG,M,24,2,1,1,110,110,150,1.815,
1137,PL24,SG-M2403-11,SG,M,24,3,1,1,110,110,150,1.815,
1138,PL24,SG-M2404-11,SG,M,24,4,1,1,110,110,150,1.815,
1139,PL24,SG-M2405-11,SG,M,24,5,1,1,110,110,150,1.815,
1140,PL24,SG-M2406-11,SG,M,24,6,1,1,110,110,150,1.815,
1141,PL24,SG-M2407-11,SG,M,24,7,1,1,110,110,150,1.815,
1142,PL24,SG-M2408-11,SG,M,24,8,1,1,110,110,150,1.815,
1143,PL24,SG-M2409-11,SG,M,24,9,1,1,110,110,150,1.815,
1144,PL24,SG-M2410-11,SG,M,24,10,1,1,110,110,150,1.815,
1145,PL25,SG-M2501-11,SG,M,25,1,1,1,110,110,150,1.815,
1146,PL25,SG-M2502-11,SG,M,25,2,1,1,110,110,150,1.815,
1147,PL25,SG-M2503-11,SG,M,25,3,1,1,110,110,150,1.815,
1148,PL25,SG-M2504-11,SG,M,25,4,1,1,110,110,150,1.815,
1149,PL25,SG-M2505-11,SG,M,25,5,1,1,110,110,150,1.815,
1150,PL25,SG-M2506-11,SG,M,25,6,1,1,110,110,150,1.815,
1151,PL25,SG-M2507-11,SG,M,25,7,1,1,110,110,150,1.815,
1152,PL25,SG-M2508-11,SG,M,25,8,1,1,110,110,150,1.815,
1153,PL25,SG-M2509-11,SG,M,25,9,1,1,110,110,150,1.815,
1154,PL25,SG-M2510-11,SG,M,25,10,1,1,110,110,150,1.815,
1155,PL26,SG-M2601-11,SG,M,26,1,1,1,110,110,150,1.815,
1156,PL26,SG-M2602-11,SG,M,26,2,1,1,110,110,150,1.815,
1157,PL26,SG-M2603-11,SG,M,26,3,1,1,110,110,150,1.815,
1158,PL26,SG-M2604-11,SG,M,26,4,1,1,110,110,150,1.815,
1159,PL26,SG-M2605-11,SG,M,26,5,1,1,110,110,150,1.815,
1160,PL26,SG-M2606-11,SG,M,26,6,1,1,110,110,150,1.815,
1161,PL26,SG-M2607-11,SG,M,26,7,1,1,110,110,150,1.815,
1162,PL26,SG-M2608-11,SG,M,26,8,1,1,110,110,150,1.815,
1163,PL26,SG-M2609-11,SG,M,26,9,1,1,110,110,150,1.815,
1164,PL26,SG-M2610-11,SG,M,26,10,1,1,110,110,150,1.815,
1165,PL27,SG-M2701-11,SG,M,27,1,1,1,110,110,150,1.815,
1166,PL27,SG-M2702-11,SG,M,27,2,1,1,110,110,150,1.815,
1167,PL27,SG-M2703-11,SG,M,27,3,1,1,110,110,150,1.815,
1168,PL27,SG-M2704-11,SG,M,27,4,1,1,110,110,150,1.815,
1169,PL27,SG-M2705-11,SG,M,27,5,1,1,110,110,150,1.815,
1170,PL27,SG-M2706-11,SG,M,27,6,1,1,110,110,150,1.815,
1171,PL27,SG-M2707-11,SG,M,27,7,1,1,110,110,150,1.815,
1172,PL27,SG-M2708-11,SG,M,27,8,1,1,110,110,150,1.815,
1173,PL27,SG-M2709-11,SG,M,27,9,1,1,110,110,150,1.815,
1174,PL27,SG-M2710-11,SG,M,27,10,1,1,110,110,150,1.815,
1175,PL28,SG-M2801-11,SG,M,28,1,1,1,110,110,150,1.815,
1176,PL28,SG-M2802-11,SG,M,28,2,1,1,110,110,150,1.815,
1177,PL28,SG-M2803-11,SG,M,28,3,1,1,110,110,150,1.815,
1178,PL28,SG-M2804-11,SG,M,28,4,1,1,110,110,150,1.815,
1179,PL28,SG-M2805-11,SG,M,28,5,1,1,110,110,150,1.815,
1180,PL28,SG-M2806-11,SG,M,28,6,1,1,110,110,150,1.815,
1181,PL28,SG-M2807-11,SG,M,28,7,1,1,110,110,150,1.815,
1182,PL28,SG-M2808-11,SG,M,28,8,1,1,110,110,150,1.815,
1183,PL28,SG-M2809-11,SG,M,28,9,1,1,110,110,150,1.815,
1184,PL28,SG-M2810-11,SG,M,28,10,1,1,110,110,150,1.815,
1185,PL29,SG-M2901-11,SG,M,29,1,1,1,110,110,150,1.815,
1186,PL29,SG-M2902-11,SG,M,29,2,1,1,110,110,150,1.815,
1187,PL29,SG-M2903-11,SG,M,29,3,1,1,110,110,150,1.815,
1188,PL29,SG-M2904-11,SG,M,29,4,1,1,110,110,150,1.815,
1189,PL29,SG-M2905-11,SG,M,29,5,1,1,110,110,150,1.815,
1190,PL29,SG-M2906-11,SG,M,29,6,1,1,110,110,150,1.815,
1191,PL29,SG-M2907-11,SG,M,29,7,1,1,110,110,150,1.815,
1192,PL29,SG-M2908-11,SG,M,29,8,1,1,110,110,150,1.815,
1193,PL29,SG-M2909-11,SG,M,29,9,1,1,110,110,150,1.815,
1194,PL29,SG-M2910-11,SG,M,29,10,1,1,110,110,150,1.815,
1195,PL30,SG-M3001-11,SG,M,30,1,1,1,110,110,150,1.815,
1196,PL30,SG-M3002-11,SG,M,30,2,1,1,110,110,150,1.815,
1197,PL30,SG-M3003-11,SG,M,30,3,1,1,110,110,150,1.815,
1198,PL30,SG-M3004-11,SG,M,30,4,1,1,110,110,150,1.815,
1199,PL30,SG-M3005-11,SG,M,30,5,1,1,110,110,150,1.815,
1200,PL30,SG-M3006-11,SG,M,30,6,1,1,110,110,150,1.815,
1201,PL30,SG-M3007-11,SG,M,30,7,1,1,110,110,150,1.815,
1202,PL30,SG-M3008-11,SG,M,30,8,1,1,110,110,150,1.815,
1203,PL30,SG-M3009-11,SG,M,30,9,1,1,110,110,150,1.815,
1204,PL30,SG-M3010-11,SG,M,30,10,1,1,110,110,150,1.815,
,,,,,,,,1204,,,,585.63648,
