,New Allocation
0,SG-F0101-11
1,SG-F0101-12
2,SG-F0101-13
3,SG-F0101-14
4,SG-F0101-21
5,SG-F0101-22
6,SG-F0101-23
7,SG-F0101-24
8,SG-F0101-31
9,SG-F0101-32
10,SG-F0101-33
11,SG-F0101-34
12,SG-F0101-41
13,SG-F0101-42
14,SG-F0101-43
15,SG-F0101-44
16,SG-F0101-51
17,SG-F0101-52
18,SG-F0101-53
19,SG-F0101-54
20,SG-F0102-11
21,SG-F0102-12
22,SG-F0102-13
23,SG-F0102-14
24,SG-F0102-21
25,SG-F0102-22
26,SG-F0102-23
27,SG-F0102-24
28,SG-F0102-31
29,SG-F0102-32
30,SG-F0102-33
31,SG-F0102-34
32,SG-F0102-41
33,SG-F0102-42
34,SG-F0102-43
35,SG-F0102-44
36,SG-F0102-51
37,SG-F0102-52
38,SG-F0102-53
39,SG-F0102-54
40,SG-F0103-11
41,SG-F0103-12
42,SG-F0103-13
43,SG-F0103-14
44,SG-F0103-21
45,SG-F0103-22
46,SG-F0103-23
47,SG-F0103-24
48,SG-F0103-31
49,SG-F0103-32
50,SG-F0103-33
51,SG-F0103-34
52,SG-F0103-41
53,SG-F0103-42
54,SG-F0103-43
55,SG-F0103-44
56,SG-F0103-51
57,SG-F0103-52
58,SG-F0103-53
59,SG-F0103-54
60,SG-F0104-11
61,SG-F0104-12
62,SG-F0104-13
63,SG-F0104-14
64,SG-F0104-21
65,SG-F0104-22
66,SG-F0104-23
67,SG-F0104-24
68,SG-F0104-31
69,SG-F0104-32
70,SG-F0104-33
71,SG-F0104-34
72,SG-F0104-41
73,SG-F0104-42
74,SG-F0104-43
75,SG-F0104-44
76,SG-F0104-51
77,SG-F0104-52
78,SG-F0104-53
79,SG-F0104-54
80,SG-F0105-11
81,SG-F0105-12
82,SG-F0105-13
83,SG-F0105-14
84,SG-F0105-21
85,SG-F0105-22
86,SG-F0105-23
87,SG-F0105-24
88,SG-F0105-31
89,SG-F0105-32
90,SG-F0105-33
91,SG-F0105-34
92,SG-F0105-41
93,SG-F0105-42
94,SG-F0105-43
95,SG-F0105-44
96,SG-F0105-51
97,SG-F0105-52
98,SG-F0105-53
99,SG-F0105-54
100,SG-F0106-11
101,SG-F0106-12
102,SG-F0106-13
103,SG-F0106-14
104,SG-F0106-21
105,SG-F0106-22
106,SG-F0106-23
107,SG-F0106-24
108,SG-F0106-31
109,SG-F0106-32
110,SG-F0106-33
111,SG-F0106-34
112,SG-F0106-41
113,SG-F0106-42
114,SG-F0106-43
115,SG-F0106-44
116,SG-F0106-51
117,SG-F0106-52
118,SG-F0106-53
119,SG-F0106-54
120,SG-F0201-11
121,SG-F0201-12
122,SG-F0201-13
123,SG-F0201-14
124,SG-F0201-21
125,SG-F0201-22
126,SG-F0201-23
127,SG-F0201-24
128,SG-F0201-31
129,SG-F0201-32
130,SG-F0201-33
131,SG-F0201-34
132,SG-F0201-41
133,SG-F0201-42
134,SG-F0201-43
135,SG-F0201-44
136,SG-F0201-51
137,SG-F0201-52
138,SG-F0201-53
139,SG-F0201-54
140,SG-F0201-61
141,SG-F0201-62
142,SG-F0201-63
143,SG-F0201-64
144,SG-F0201-71
145,SG-F0201-72
146,SG-F0201-73
147,SG-F0201-74
148,SG-F0202-11
149,SG-F0202-12
150,SG-F0202-13
151,SG-F0202-14
152,SG-F0202-21
153,SG-F0202-22
154,SG-F0202-23
155,SG-F0202-24
156,SG-F0202-31
157,SG-F0202-32
158,SG-F0202-33
159,SG-F0202-34
160,SG-F0202-41
161,SG-F0202-42
162,SG-F0202-43
163,SG-F0202-44
164,SG-F0202-51
165,SG-F0202-52
166,SG-F0202-53
167,SG-F0202-54
168,SG-F0202-61
169,SG-F0202-62
170,SG-F0202-63
171,SG-F0202-64
172,SG-F0202-71
173,SG-F0202-72
174,SG-F0202-73
175,SG-F0202-74
176,SG-F0202-81
177,SG-F0202-82
178,SG-F0202-83
179,SG-F0202-84
180,SG-F0203-11
181,SG-F0203-12
182,SG-F0203-13
183,SG-F0203-14
184,SG-F0203-21
185,SG-F0203-22
186,SG-F0203-23
187,SG-F0203-24
188,SG-F0203-31
189,SG-F0203-32
190,SG-F0203-33
191,SG-F0203-34
192,SG-F0203-41
193,SG-F0203-42
194,SG-F0203-43
195,SG-F0203-44
196,SG-F0203-51
197,SG-F0203-52
198,SG-F0203-53
199,SG-F0203-54
200,SG-F0203-61
201,SG-F0203-62
202,SG-F0203-63
203,SG-F0203-64
204,SG-F0203-71
205,SG-F0203-72
206,SG-F0203-73
207,SG-F0203-74
208,SG-F0203-81
209,SG-F0203-82
210,SG-F0203-83
211,SG-F0203-84
212,SG-F0204-11
213,SG-F0204-12
214,SG-F0204-13
215,SG-F0204-14
216,SG-F0204-21
217,SG-F0204-22
218,SG-F0204-23
219,SG-F0204-24
220,SG-F0204-31
221,SG-F0204-32
222,SG-F0204-33
223,SG-F0204-34
224,SG-F0204-41
225,SG-F0204-42
226,SG-F0204-43
227,SG-F0204-44
228,SG-F0204-51
229,SG-F0204-52
230,SG-F0204-53
231,SG-F0204-54
232,SG-F0204-61
233,SG-F0204-62
234,SG-F0204-63
235,SG-F0204-64
236,SG-F0204-71
237,SG-F0204-72
238,SG-F0204-73
239,SG-F0204-74
240,SG-F0204-81
241,SG-F0204-82
242,SG-F0204-83
243,SG-F0204-84
244,SG-F0205-11
245,SG-F0205-12
246,SG-F0205-13
247,SG-F0205-14
248,SG-F0205-21
249,SG-F0205-22
250,SG-F0205-23
251,SG-F0205-24
252,SG-F0205-31
253,SG-F0205-32
254,SG-F0205-33
255,SG-F0205-34
256,SG-F0205-41
257,SG-F0205-42
258,SG-F0205-43
259,SG-F0205-44
260,SG-F0205-51
261,SG-F0205-52
262,SG-F0205-53
263,SG-F0205-54
264,SG-F0206-11
265,SG-F0206-12
266,SG-F0206-13
267,SG-F0206-14
268,SG-F0206-21
269,SG-F0206-22
270,SG-F0206-23
271,SG-F0206-24
272,SG-F0206-31
273,SG-F0206-32
274,SG-F0206-33
275,SG-F0206-34
276,SG-F0206-41
277,SG-F0206-42
278,SG-F0206-43
279,SG-F0206-44
280,SG-F0206-51
281,SG-F0206-52
282,SG-F0206-53
283,SG-F0206-54
284,SG-F0301-11
285,SG-F0301-12
286,SG-F0301-13
287,SG-F0301-14
288,SG-F0301-21
289,SG-F0301-22
290,SG-F0301-23
291,SG-F0301-24
292,SG-F0301-31
293,SG-F0301-32
294,SG-F0301-33
295,SG-F0301-34
296,SG-F0301-41
297,SG-F0301-42
298,SG-F0301-43
299,SG-F0301-44
300,SG-F0301-51
301,SG-F0301-52
302,SG-F0301-53
303,SG-F0301-54
304,SG-F0301-61
305,SG-F0301-62
306,SG-F0301-63
307,SG-F0301-64
308,SG-F0301-71
309,SG-F0301-72
310,SG-F0301-73
311,SG-F0301-74
312,SG-F0301-81
313,SG-F0301-82
314,SG-F0301-83
315,SG-F0301-84
316,SG-F0302-11
317,SG-F0302-12
318,SG-F0302-13
319,SG-F0302-14
320,SG-F0302-21
321,SG-F0302-22
322,SG-F0302-23
323,SG-F0302-24
324,SG-F0302-31
325,SG-F0302-32
326,SG-F0302-33
327,SG-F0302-34
328,SG-F0302-41
329,SG-F0302-42
330,SG-F0302-43
331,SG-F0302-44
332,SG-F0302-51
333,SG-F0302-52
334,SG-F0302-53
335,SG-F0302-54
336,SG-F0302-61
337,SG-F0302-62
338,SG-F0302-63
339,SG-F0302-64
340,SG-F0302-71
341,SG-F0302-72
342,SG-F0302-73
343,SG-F0302-74
344,SG-F0302-81
345,SG-F0302-82
346,SG-F0302-83
347,SG-F0302-84
348,SG-F0303-11
349,SG-F0303-12
350,SG-F0303-13
351,SG-F0303-14
352,SG-F0303-21
353,SG-F0303-22
354,SG-F0303-23
355,SG-F0303-24
356,SG-F0303-31
357,SG-F0303-32
358,SG-F0303-33
359,SG-F0303-34
360,SG-F0303-41
361,SG-F0303-42
362,SG-F0303-43
363,SG-F0303-44
364,SG-F0303-51
365,SG-F0303-52
366,SG-F0303-53
367,SG-F0303-54
368,SG-F0303-61
369,SG-F0303-62
370,SG-F0303-63
371,SG-F0303-64
372,SG-F0303-71
373,SG-F0303-72
374,SG-F0303-73
375,SG-F0303-74
376,SG-F0303-81
377,SG-F0303-82
378,SG-F0303-83
379,SG-F0303-84
380,SG-F0304-11
381,SG-F0304-12
382,SG-F0304-13
383,SG-F0304-14
384,SG-F0304-21
385,SG-F0304-22
386,SG-F0304-23
387,SG-F0304-24
388,SG-F0304-31
389,SG-F0304-32
390,SG-F0304-33
391,SG-F0304-34
392,SG-F0304-41
393,SG-F0304-42
394,SG-F0304-43
395,SG-F0304-44
396,SG-F0304-51
397,SG-F0304-52
398,SG-F0304-53
399,SG-F0304-54
400,SG-F0304-61
401,SG-F0304-62
402,SG-F0304-63
403,SG-F0304-64
404,SG-F0304-71
405,SG-F0304-72
406,SG-F0304-73
407,SG-F0304-74
408,SG-F0304-81
409,SG-F0304-82
410,SG-F0304-83
411,SG-F0304-84
412,SG-F0305-11
413,SG-F0305-12
414,SG-F0305-13
415,SG-F0305-14
416,SG-F0305-21
417,SG-F0305-22
418,SG-F0305-23
419,SG-F0305-24
420,SG-F0305-31
421,SG-F0305-32
422,SG-F0305-33
423,SG-F0305-34
424,SG-F0305-41
425,SG-F0305-42
426,SG-F0305-43
427,SG-F0305-44
428,SG-F0305-51
429,SG-F0305-52
430,SG-F0305-53
431,SG-F0305-54
432,SG-F0305-61
433,SG-F0305-62
434,SG-F0305-63
435,SG-F0305-64
436,SG-F0305-71
437,SG-F0305-72
438,SG-F0305-73
439,SG-F0305-74
440,SG-F0305-81
441,SG-F0305-82
442,SG-F0305-83
443,SG-F0305-84
444,SG-F0306-11
445,SG-F0306-12
446,SG-F0306-13
447,SG-F0306-14
448,SG-F0306-21
449,SG-F0306-22
450,SG-F0306-23
451,SG-F0306-24
452,SG-F0306-31
453,SG-F0306-32
454,SG-F0306-33
455,SG-F0306-34
456,SG-F0306-41
457,SG-F0306-42
458,SG-F0306-43
459,SG-F0306-44
460,SG-F0306-51
461,SG-F0306-52
462,SG-F0306-53
463,SG-F0306-54
464,SG-F0306-61
465,SG-F0306-62
466,SG-F0306-63
467,SG-F0306-64
468,SG-F0306-71
469,SG-F0306-72
470,SG-F0306-73
471,SG-F0306-74
472,SG-F0306-81
473,SG-F0306-82
474,SG-F0306-83
475,SG-F0306-84
476,SG-F0401-11
477,SG-F0401-12
478,SG-F0401-13
479,SG-F0401-14
480,SG-F0401-21
481,SG-F0401-22
482,SG-F0401-23
483,SG-F0401-24
484,SG-F0401-31
485,SG-F0401-32
486,SG-F0401-33
487,SG-F0401-34
488,SG-F0401-41
489,SG-F0401-42
490,SG-F0401-43
491,SG-F0401-44
492,SG-F0401-51
493,SG-F0401-52
494,SG-F0401-53
495,SG-F0401-54
496,SG-F0401-61
497,SG-F0401-62
498,SG-F0401-63
499,SG-F0401-64
500,SG-F0402-11
501,SG-F0402-12
502,SG-F0402-13
503,SG-F0402-14
504,SG-F0402-21
505,SG-F0402-22
506,SG-F0402-23
507,SG-F0402-24
508,SG-F0402-31
509,SG-F0402-32
510,SG-F0402-33
511,SG-F0402-34
512,SG-F0402-41
513,SG-F0402-42
514,SG-F0402-43
515,SG-F0402-44
516,SG-F0402-51
517,SG-F0402-52
518,SG-F0402-53
519,SG-F0402-54
520,SG-F0402-61
521,SG-F0402-62
522,SG-F0402-63
523,SG-F0402-64
524,SG-F0403-11
525,SG-F0403-12
526,SG-F0403-13
527,SG-F0403-14
528,SG-F0403-21
529,SG-F0403-22
530,SG-F0403-23
531,SG-F0403-24
532,SG-F0403-31
533,SG-F0403-32
534,SG-F0403-33
535,SG-F0403-34
536,SG-F0403-41
537,SG-F0403-42
538,SG-F0403-43
539,SG-F0403-44
540,SG-F0403-51
541,SG-F0403-52
542,SG-F0403-53
543,SG-F0403-54
544,SG-F0403-61
545,SG-F0403-62
546,SG-F0403-63
547,SG-F0403-64
548,SG-F0404-11
549,SG-F0404-12
550,SG-F0404-13
551,SG-F0404-14
552,SG-F0404-21
553,SG-F0404-22
554,SG-F0404-23
555,SG-F0404-24
556,SG-F0404-31
557,SG-F0404-32
558,SG-F0404-33
559,SG-F0404-34
560,SG-F0404-41
561,SG-F0404-42
562,SG-F0404-43
563,SG-F0404-44
564,SG-F0404-51
565,SG-F0404-52
566,SG-F0404-53
567,SG-F0404-54
568,SG-F0404-61
569,SG-F0404-62
570,SG-F0404-63
571,SG-F0404-64
572,SG-F0405-11
573,SG-F0405-12
574,SG-F0405-13
575,SG-F0405-14
576,SG-F0405-21
577,SG-F0405-22
578,SG-F0405-23
579,SG-F0405-24
580,SG-F0405-31
581,SG-F0405-32
582,SG-F0405-33
583,SG-F0405-34
584,SG-F0405-41
585,SG-F0405-42
586,SG-F0405-43
587,SG-F0405-44
588,SG-F0405-51
589,SG-F0405-52
590,SG-F0405-53
591,SG-F0405-54
592,SG-F0405-61
593,SG-F0405-62
594,SG-F0405-63
595,SG-F0405-64
596,SG-F0406-11
597,SG-F0406-12
598,SG-F0406-13
599,SG-F0406-14
600,SG-F0406-21
601,SG-F0406-22
602,SG-F0406-23
603,SG-F0406-24
604,SG-F0406-31
605,SG-F0406-32
606,SG-F0406-33
607,SG-F0406-34
608,SG-F0406-41
609,SG-F0406-42
610,SG-F0406-43
611,SG-F0406-44
612,SG-F0406-51
613,SG-F0406-52
614,SG-F0406-53
615,SG-F0406-54
616,SG-F0406-61
617,SG-F0406-62
618,SG-F0406-63
619,SG-F0406-64
620,SG-F0501-11
621,SG-F0501-12
622,SG-F0501-13
623,SG-F0501-14
624,SG-F0501-21
625,SG-F0501-22
626,SG-F0501-23
627,SG-F0501-24
628,SG-F0501-31
629,SG-F0501-32
630,SG-F0501-33
631,SG-F0501-34
632,SG-F0501-41
633,SG-F0501-42
634,SG-F0501-43
635,SG-F0501-44
636,SG-F0501-51
637,SG-F0501-52
638,SG-F0501-53
639,SG-F0501-54
640,SG-F0502-11
641,SG-F0502-12
642,SG-F0502-13
643,SG-F0502-14
644,SG-F0502-21
645,SG-F0502-22
646,SG-F0502-23
647,SG-F0502-24
648,SG-F0502-31
649,SG-F0502-32
650,SG-F0502-33
651,SG-F0502-34
652,SG-F0502-41
653,SG-F0502-42
654,SG-F0502-43
655,SG-F0502-44
656,SG-F0502-51
657,SG-F0502-52
658,SG-F0502-53
659,SG-F0502-54
660,SG-F0502-61
661,SG-F0502-62
662,SG-F0502-63
663,SG-F0502-64
664,SG-F0503-11
665,SG-F0503-12
666,SG-F0503-13
667,SG-F0503-14
668,SG-F0503-21
669,SG-F0503-22
670,SG-F0503-23
671,SG-F0503-24
672,SG-F0503-31
673,SG-F0503-32
674,SG-F0503-33
675,SG-F0503-34
676,SG-F0503-41
677,SG-F0503-42
678,SG-F0503-43
679,SG-F0503-44
680,SG-F0503-51
681,SG-F0503-52
682,SG-F0503-53
683,SG-F0503-54
684,SG-F0503-61
685,SG-F0503-62
686,SG-F0503-63
687,SG-F0503-64
688,SG-F0504-11
689,SG-F0504-12
690,SG-F0504-13
691,SG-F0504-14
692,SG-F0504-21
693,SG-F0504-22
694,SG-F0504-23
695,SG-F0504-24
696,SG-F0504-31
697,SG-F0504-32
698,SG-F0504-33
699,SG-F0504-34
700,SG-F0504-41
701,SG-F0504-42
702,SG-F0504-43
703,SG-F0504-44
704,SG-F0504-51
705,SG-F0504-52
706,SG-F0504-53
707,SG-F0504-54
708,SG-F0504-61
709,SG-F0504-62
710,SG-F0504-63
711,SG-F0504-64
712,SG-F0505-11
713,SG-F0505-12
714,SG-F0505-13
715,SG-F0505-14
716,SG-F0505-21
717,SG-F0505-22
718,SG-F0505-23
719,SG-F0505-24
720,SG-F0505-31
721,SG-F0505-32
722,SG-F0505-33
723,SG-F0505-34
724,SG-F0505-41
725,SG-F0505-42
726,SG-F0505-43
727,SG-F0505-44
728,SG-F0505-51
729,SG-F0505-52
730,SG-F0505-53
731,SG-F0505-54
732,SG-F0505-61
733,SG-F0505-62
734,SG-F0505-63
735,SG-F0505-64
736,SG-F0506-11
737,SG-F0506-12
738,SG-F0506-13
739,SG-F0506-14
740,SG-F0506-21
741,SG-F0506-22
742,SG-F0506-23
743,SG-F0506-24
744,SG-F0506-31
745,SG-F0506-32
746,SG-F0506-33
747,SG-F0506-34
748,SG-F0506-41
749,SG-F0506-42
750,SG-F0506-43
751,SG-F0506-44
752,SG-F0506-51
753,SG-F0506-52
754,SG-F0506-53
755,SG-F0506-54
756,SG-F0506-61
757,SG-F0506-62
758,SG-F0506-63
759,SG-F0506-64
760,SG-F0601-11
761,SG-F0601-12
762,SG-F0601-13
763,SG-F0601-14
764,SG-F0601-21
765,SG-F0601-22
766,SG-F0601-23
767,SG-F0601-24
768,SG-F0601-31
769,SG-F0601-32
770,SG-F0601-33
771,SG-F0601-34
772,SG-F0601-41
773,SG-F0601-42
774,SG-F0601-43
775,SG-F0601-44
776,SG-F0601-51
777,SG-F0601-52
778,SG-F0601-53
779,SG-F0601-54
780,SG-F0601-61
781,SG-F0601-62
782,SG-F0601-63
783,SG-F0601-64
784,SG-F0602-11
785,SG-F0602-12
786,SG-F0602-13
787,SG-F0602-14
788,SG-F0602-21
789,SG-F0602-22
790,SG-F0602-23
791,SG-F0602-24
792,SG-F0602-31
793,SG-F0602-32
794,SG-F0602-33
795,SG-F0602-34
796,SG-F0602-41
797,SG-F0602-42
798,SG-F0602-43
799,SG-F0602-44
800,SG-F0602-51
801,SG-F0602-52
802,SG-F0602-53
803,SG-F0602-54
804,SG-F0602-61
805,SG-F0602-62
806,SG-F0602-63
807,SG-F0602-64
808,SG-F0603-11
809,SG-F0603-12
810,SG-F0603-13
811,SG-F0603-14
812,SG-F0603-21
813,SG-F0603-22
814,SG-F0603-23
815,SG-F0603-24
816,SG-F0603-31
817,SG-F0603-32
818,SG-F0603-33
819,SG-F0603-34
820,SG-F0603-41
821,SG-F0603-42
822,SG-F0603-43
823,SG-F0603-44
824,SG-F0603-51
825,SG-F0603-52
826,SG-F0603-53
827,SG-F0603-54
828,SG-F0603-61
829,SG-F0603-62
830,SG-F0603-63
831,SG-F0603-64
832,SG-F0604-11
833,SG-F0604-12
834,SG-F0604-13
835,SG-F0604-14
836,SG-F0604-21
837,SG-F0604-22
838,SG-F0604-23
839,SG-F0604-24
840,SG-F0604-31
841,SG-F0604-32
842,SG-F0604-33
843,SG-F0604-34
844,SG-F0604-41
845,SG-F0604-42
846,SG-F0604-43
847,SG-F0604-44
848,SG-F0604-51
849,SG-F0604-52
850,SG-F0604-53
851,SG-F0604-54
852,SG-F0604-61
853,SG-F0604-62
854,SG-F0604-63
855,SG-F0604-64
856,SG-F0605-11
857,SG-F0605-12
858,SG-F0605-13
859,SG-F0605-14
860,SG-F0605-21
861,SG-F0605-22
862,SG-F0605-23
863,SG-F0605-24
864,SG-F0605-31
865,SG-F0605-32
866,SG-F0605-33
867,SG-F0605-34
868,SG-F0605-41
869,SG-F0605-42
870,SG-F0605-43
871,SG-F0605-44
872,SG-F0605-51
873,SG-F0605-52
874,SG-F0605-53
875,SG-F0605-54
876,SG-F0605-61
877,SG-F0605-62
878,SG-F0605-63
879,SG-F0605-64
880,SG-F0606-11
881,SG-F0606-12
882,SG-F0606-13
883,SG-F0606-14
884,SG-F0606-21
885,SG-F0606-22
886,SG-F0606-23
887,SG-F0606-24
888,SG-F0606-31
889,SG-F0606-32
890,SG-F0606-33
891,SG-F0606-34
892,SG-F0606-41
893,SG-F0606-42
894,SG-F0606-43
895,SG-F0606-44
896,SG-F0606-51
897,SG-F0606-52
898,SG-F0606-53
899,SG-F0606-54
900,SG-F0606-61
901,SG-F0606-62
902,SG-F0606-63
903,SG-F0606-64
904,SG-M0101-11
905,SG-M0102-11
906,SG-M0103-11
907,SG-M0104-11
908,SG-M0105-11
909,SG-M0106-11
910,SG-M0107-11
911,SG-M0108-11
912,SG-M0109-11
913,SG-M0110-11
914,SG-M0201-11
915,SG-M0202-11
916,SG-M0203-11
917,SG-M0204-11
918,SG-M0205-11
919,SG-M0206-11
920,SG-M0207-11
921,SG-M0208-11
922,SG-M0209-11
923,SG-M0210-11
924,SG-M0301-11
925,SG-M0302-11
926,SG-M0303-11
927,SG-M0304-11
928,SG-M0305-11
929,SG-M0306-11
930,SG-M0307-11
931,SG-M0308-11
932,SG-M0309-11
933,SG-M0310-11
934,SG-M0401-11
935,SG-M0402-11
936,SG-M0403-11
937,SG-M0404-11
938,SG-M0405-11
939,SG-M0406-11
940,SG-M0407-11
941,SG-M0408-11
942,SG-M0409-11
943,SG-M0410-11
944,SG-M0501-11
945,SG-M0502-11
946,SG-M0503-11
947,SG-M0504-11
948,SG-M0505-11
949,SG-M0506-11
950,SG-M0507-11
951,SG-M0508-11
952,SG-M0509-11
953,SG-M0510-11
954,SG-M0601-11
955,SG-M0602-11
956,SG-M0603-11
957,SG-M0604-11
958,SG-M0605-11
959,SG-M0606-11
960,SG-M0607-11
961,SG-M0608-11
962,SG-M0609-11
963,SG-M0610-11
964,SG-M0701-11
965,SG-M0702-11
966,SG-M0703-11
967,SG-M0704-11
968,SG-M0705-11
969,SG-M0706-11
970,SG-M0707-11
971,SG-M0708-11
972,SG-M0709-11
973,SG-M0710-11
974,SG-M0801-11
975,SG-M0802-11
976,SG-M0803-11
977,SG-M0804-11
978,SG-M0805-11
979,SG-M0806-11
980,SG-M0807-11
981,SG-M0808-11
982,SG-M0809-11
983,SG-M0810-11
984,SG-M0901-11
985,SG-M0902-11
986,SG-M0903-11
987,SG-M0904-11
988,SG-M0905-11
989,SG-M0906-11
990,SG-M0907-11
991,SG-M0908-11
992,SG-M0909-11
993,SG-M0910-11
994,SG-M1001-11
995,SG-M1002-11
996,SG-M1003-11
997,SG-M1004-11
998,SG-M1005-11
999,SG-M1006-11
1000,SG-M1007-11
1001,SG-M1008-11
1002,SG-M1009-11
1003,SG-M1010-11
1004,SG-M1101-11
1005,SG-M1102-11
1006,SG-M1103-11
1007,SG-M1104-11
1008,SG-M1105-11
1009,SG-M1106-11
1010,SG-M1107-11
1011,SG-M1108-11
1012,SG-M1109-11
1013,SG-M1110-11
1014,SG-M1201-11
1015,SG-M1202-11
1016,SG-M1203-11
1017,SG-M1204-11
1018,SG-M1205-11
1019,SG-M1206-11
1020,SG-M1207-11
1021,SG-M1208-11
1022,SG-M1209-11
1023,SG-M1210-11
1024,SG-M1301-11
1025,SG-M1302-11
1026,SG-M1303-11
1027,SG-M1304-11
1028,SG-M1305-11
1029,SG-M1306-11
1030,SG-M1307-11
1031,SG-M1308-11
1032,SG-M1309-11
1033,SG-M1310-11
1034,SG-M1401-11
1035,SG-M1402-11
1036,SG-M1403-11
1037,SG-M1404-11
1038,SG-M1405-11
1039,SG-M1406-11
1040,SG-M1407-11
1041,SG-M1408-11
1042,SG-M1409-11
1043,SG-M1410-11
1044,SG-M1501-11
1045,SG-M1502-11
1046,SG-M1503-11
1047,SG-M1504-11
1048,SG-M1505-11
1049,SG-M1506-11
1050,SG-M1507-11
1051,SG-M1508-11
1052,SG-M1509-11
1053,SG-M1510-11
1054,SG-M1601-11
1055,SG-M1602-11
1056,SG-M1603-11
1057,SG-M1604-11
1058,SG-M1605-11
1059,SG-M1606-11
1060,SG-M1607-11
1061,SG-M1608-11
1062,SG-M1609-11
1063,SG-M1610-11
1064,SG-M1701-11
1065,SG-M1702-11
1066,SG-M1703-11
1067,SG-M1704-11
1068,SG-M1705-11
1069,SG-M1706-11
1070,SG-M1707-11
1071,SG-M1708-11
1072,SG-M1709-11
1073,SG-M1710-11
1074,SG-M1801-11
1075,SG-M1802-11
1076,SG-M1803-11
1077,SG-M1804-11
1078,SG-M1805-11
1079,SG-M1806-11
1080,SG-M1807-11
1081,SG-M1808-11
1082,SG-M1809-11
1083,SG-M1810-11
1084,SG-M1901-11
1085,SG-M1902-11
1086,SG-M1903-11
1087,SG-M1904-11
1088,SG-M1905-11
1089,SG-M1906-11
1090,SG-M1907-11
1091,SG-M1908-11
1092,SG-M1909-11
1093,SG-M1910-11
1094,SG-M2001-11
1095,SG-M2002-11
1096,SG-M2003-11
1097,SG-M2004-11
1098,SG-M2005-11
1099,SG-M2006-11
1100,SG-M2007-11
1101,SG-M2008-11
1102,SG-M2009-11
1103,SG-M2010-11
1104,SG-M2101-11
1105,SG-M2102-11
1106,SG-M2103-11
1107,SG-M2104-11
1108,SG-M2105-11
1109,SG-M2106-11
1110,SG-M2107-11
1111,SG-M2108-11
1112,SG-M2109-11
1113,SG-M2110-11
1114,SG-M2201-11
1115,SG-M2202-11
1116,SG-M2203-11
1117,SG-M2204-11
1118,SG-M2205-11
1119,SG-M2206-11
1120,SG-M2207-11
1121,SG-M2208-11
1122,SG-M2209-11
1123,SG-M2210-11
1124,SG-M2301-11
1125,SG-M2302-11
1126,SG-M2303-11
1127,SG-M2304-11
1128,SG-M2305-11
1129,SG-M2306-11
1130,SG-M2307-11
1131,SG-M2308-11
1132,SG-M2309-11
1133,SG-M2310-11
1134,SG-M2401-11
1135,SG-M2402-11
1136,SG-M2403-11
1137,SG-M2404-11
1138,SG-M2405-11
1139,SG-M2406-11
1140,SG-M2407-11
1141,SG-M2408-11
1142,SG-M2409-11
1143,SG-M2410-11
1144,SG-M2501-11
1145,SG-M2502-11
1146,SG-M2503-11
1147,SG-M2504-11
1148,SG-M2505-11
1149,SG-M2506-11
1150,SG-M2507-11
1151,SG-M2508-11
1152,SG-M2509-11
1153,SG-M2510-11
1154,SG-M2601-11
1155,SG-M2602-11
1156,SG-M2603-11
1157,SG-M2604-11
1158,SG-M2605-11
1159,SG-M2606-11
1160,SG-M2607-11
1161,SG-M2608-11
1162,SG-M2609-11
1163,SG-M2610-11
1164,SG-M2701-11
1165,SG-M2702-11
1166,SG-M2703-11
1167,SG-M2704-11
1168,SG-M2705-11
1169,SG-M2706-11
1170,SG-M2707-11
1171,SG-M2708-11
1172,SG-M2709-11
1173,SG-M2710-11
1174,SG-M2801-11
1175,SG-M2802-11
1176,SG-M2803-11
1177,SG-M2804-11
1178,SG-M2805-11
1179,SG-M2806-11
1180,SG-M2807-11
1181,SG-M2808-11
1182,SG-M2809-11
1183,SG-M2810-11
1184,SG-M2901-11
1185,SG-M2902-11
1186,SG-M2903-11
1187,SG-M2904-11
1188,SG-M2905-11
1189,SG-M2906-11
1190,SG-M2907-11
1191,SG-M2908-11
1192,SG-M2909-11
1193,SG-M2910-11
1194,SG-M3001-11
1195,SG-M3002-11
1196,SG-M3003-11
1197,SG-M3004-11
1198,SG-M3005-11
1199,SG-M3006-11
1200,SG-M3007-11
1201,SG-M3008-11
1202,SG-M3009-11
1203,SG-M3010-11
1204,
